"ticker","asset_name","asset_class","asset_address","total_area","units_count","vacancy_ratio","non_compliant_ratio","assets_status","created_at","updated_at"
"ZAVI11","SERRA_TAGIA","Imóveis para renda acabados","Rodovia ES-010, n 3.917 - Jardim Limoeiro - Serra-ES, CEP 29163-370","7748.64","1","0.0000","0.0000","Inativo","2025-09-07 00:00:00","2025-10-26 00:00:00"
"SEQR11","SANT ANTONIO S","Imóveis para renda acabados","Rua Walter Martins da Silva, 500, Santo Antônio da Patrula - RS, CEP: 95500-000","11818.00","1","0.0000","0.0000","Ativo","2025-01-05 00:00:00","2025-10-28 00:00:00"
"SEQR11","Santo Antônio","Imóveis para renda acabados","Rua Walter Martins da Silva, nº 500, Santo Antônio da Patrula - RS, CEP 95500-000","11818.00","1","0.0000","0.0000","Ativo","2024-06-30 00:00:00","2025-10-28 00:00:00"
"AIEC11","Rochavera - Torre D","Imóveis para venda acabados","Avenida das Nações Unidas, 14.171 - Chucri Zaidan - São Paulo - SP","14648.00","1","0.0000","0.0000","Inativo","2024-05-23 00:00:00","2024-08-17 00:00:00"
"AIEC11","Standard Building","Imóveis para venda acabados","Avenida Presidente Wilson, 118 - Centro - Rio de Janeiro - RJ","8341.00","1","0.0000","0.0000","Inativo","2025-01-19 00:00:00","2025-01-25 00:00:00"
"SEQR11","Madureira","Imóveis para renda acabados","Rua Ewbank da Câmara, nº 48, Rio de Janeiro - RJ, CEP 21310-150","12201.00","1","0.0000","0.0000","Ativo","2024-05-23 00:00:00","2025-10-28 00:00:00"
"SEQR11","Jandira","Imóveis para renda acabados","Rua José Albino Pereira, 342, Jandira - SP, CEP 06612-001","10329.00","1","0.0000","0.0000","Ativo","2024-05-23 00:00:00","2025-10-28 00:00:00"
"AJFI11","Garten Shopping","Imóveis para renda acabados","Av. Rolf Wiest, n° 333 , Bom Retiro - 89223-005, Joinville - SC,","41969.33","260","0.9640","0.0000","Inativo","2025-02-02 00:00:00","2025-04-26 00:00:00"
"SEQR11","LOJA HABITAR","Imóveis para renda acabados","Rua Nova York, 245, São Paulo - SP, CEP: 04560-000","3494.47","1","0.0000","0.0000","Ativo","2024-08-18 00:00:00","2025-10-28 00:00:00"
"SEQR11","Loja Habitarte Verde","Imóveis para renda acabados","Rua Nova York, 245, São Paulo - SP, CEP 04560-000","3416.00","1","0.0000","0.0000","Ativo","2024-05-23 00:00:00","2025-10-28 00:00:00"
"SCPF11","Shopping Center Piedade","Imóveis para renda acabados","Rua Junqueira Ayres, 165 - Barris - Salvador - BA","4752.34","55","0.2839","0.2253","Ativo","2024-05-23 00:00:00","2025-10-28 00:00:00"
"AJFI11","Nações Shopping","Imóveis para renda acabados","Av. Jorge Elias de Lucca, nº 765, Nossa Senhora da Salete - 88813-901, Criciúma - SC","44575.00","240","0.0989","0.1109","Inativo","2025-02-16 00:00:00","2025-10-05 00:00:00"
"SCPF11","Edifício Lafayette","Imóveis para renda acabados","Rua Tabapuã, 500","151.20","2","0.0000","0.0000","Ativo","2025-09-07 00:00:00","2025-10-28 00:00:00"
"ALZR11","BRF Bauru","Imóveis para renda acabados","Avenida Nacoes Unidas, 51, 51 - 15, Jardim Godoy, Bauru/SP, Brasil, 17021-365","3627.00","1","0.0000","0.0000","Inativo","2025-08-24 00:00:00","2025-08-30 00:00:00"
"ALZR11","Dasa - Sumaré","Imóveis para renda acabados","Avenida Sumaré, 1500, Perdizes, Sao Paulo/SP, Brasil, 05016-110","5227.43","1","0.0000","0.0000","Inativo","2025-02-23 00:00:00","2025-10-05 00:00:00"
"SARE11","Galpão Logístico Barueri - SP","Imóveis para renda acabados","Avenida Tucunaré , 720, Tamboré - CEP: 06460-020, Barueri - SP","18884.00","1","0.0000","0.0000","Ativo","2024-05-23 00:00:00","2025-10-28 00:00:00"
"ZAVI11","IMO COPOBRAS","Imóveis para renda acabados","Av. Moita Bonita, nº 266, Guarulhos - SP, CEP 07270-395","11548.35","1","0.0000","0.0000","Inativo","2024-05-23 00:00:00","2025-10-26 00:00:00"
"SARE11","Cond. Work Bela Cintra","Imóveis para renda acabados","Rua Bela Cintra, 755, São Paulo - SP","4656.85","18","0.0000","0.0000","Ativo","2024-05-23 00:00:00","2025-10-28 00:00:00"
"SARE11","Galpão Logístico Utinga","Imóveis para renda acabados","Avenida João Pessoa, nº 500, Jardim Utinga, Cidade de Santo André - São Paulo - SP, CEP 09230-650","40473.68","1","0.4370","0.0000","Ativo","2024-06-09 00:00:00","2025-10-28 00:00:00"
"ALZR11","Imóvel Dasa - Sumaré","Imóveis para renda acabados","Avenida Sumaré, 1500, Perdizes, Sao Paulo/SP, Brasil, 05016-110","5227.00","1","0.0000","0.0000","Inativo","2024-12-27 00:00:00","2025-02-22 00:00:00"
"SARE11","COND. WORK BELA CINTRA","Imóveis para renda acabados","Rua Bela Cintra, 755, São Paulo/SP","4656.85","18","0.0000","0.0000","Ativo","2024-05-23 00:00:00","2025-10-28 00:00:00"
"ALZR11","BRF - Bauru","Imóveis para renda acabados","Avenida Nacoes Unidas, 51, 51 - 15, Jardim Godoy, Bauru/SP, Brasil, 17021-365","3627.00","1","0.0000","0.0000","Inativo","2025-08-10 00:00:00","2025-08-16 00:00:00"
"ALZR11","Galpao Femsa","Imóveis para renda acabados","Avenida Dos Estados, S/n, Sem Complemento, Vila Metalurgica, Santo Andre/SP, Brasil, 09220-570","36740.00","1","0.0000","0.0000","Inativo","2024-08-18 00:00:00","2025-10-05 00:00:00"
"ALZR11","Ed. Araporé - Jd Guedala","Imóveis para renda acabados","Rua Ministro Godoi, 1697, Sem Complemento, Perdizes, Sao Paulo/SP, Brasil, 05015-001","0.00","1","1.0000","0.0000","Inativo","2024-05-23 00:00:00","2025-05-31 00:00:00"
"SAIC11","Praça Capital - Bloco 02","Imóveis para renda acabados","SIA Trecho 01 - Lotes 630, 640, 650, 660, 670, 680, 690, 700, 710, 720, 730, 740, 750, 760, 770 e 780  - BRASÍLIA - DF","11179.13","22","1.0000","0.0000","Ativo","2025-07-02 00:00:00","2025-10-28 00:00:00"
"ALZR11","OBA Hortifruti - CD Sumare","Imóveis para renda acabados","Avenida Americo Ribeiro Dos Santos, 385, Sem Complemento, Parque Bandeirantes I (nova Veneza), Sumaré/SP, Brasil, 13181-715","33795.13","1","0.0000","0.0000","Inativo","2024-12-28 00:00:00","2025-10-05 00:00:00"
"ALZR11","Ed. Moderna/Santillana - Belenzinho","Imóveis para renda acabados","Rua Padre Adelino, 758, Sem Complemento, Quarta Parada, Sao Paulo/SP, Brasil, 03303-000","9260.00","1","0.0000","0.0000","Inativo","2024-12-27 00:00:00","2025-03-29 00:00:00"
"ALZR11","Dasa - Sumare","Imóveis para renda acabados","Avenida Sumare, 1500, Sem Complemento, Perdizes, Sao Paulo/SP, Brasil, 05016-110","5227.43","1","0.0000","0.0000","Inativo","2025-01-12 00:00:00","2025-09-20 00:00:00"
"AJFI11","Norte Shopping","Imóveis para renda acabados","Rodovia BR-470, nº  3000, Salto Norte - 89065-800, Blumenau - SC","35324.50","260","0.9028","0.0251","Inativo","2025-05-04 00:00:00","2025-10-26 00:00:00"
"RZZV11","Galpao Estrada Ladeira Grande","Imóveis para renda acabados","Estrada Ladeira Grande, S/n, Parque Industrial, Parque Industrial, Viana/ES, Brasil, 29136-537","121702.50","16","0.0000","0.0000","Ativo","2025-08-17 00:00:00","2025-10-28 00:00:00"
"ALZR11","Imóvel APTIV","Imóveis para renda acabados","Rua José Monfardini 3845, Lote A, Espírito Santo do Pinhal, SP, 13990-000","18591.00","1","0.0000","0.0000","Inativo","2024-07-07 00:00:00","2024-11-02 00:00:00"
"RZZR11","Imovel - Cuiaba","Imóveis para renda acabados","Rodovia Dos Imigrantes, Km 501, Distrito Industrial, Cuiaba/MT, Brasil, 78098-325","21870.36","1","0.0000","0.0000","Ativo","2025-07-02 00:00:00","2025-10-28 00:00:00"
"ALZR11","Clariant","Imóveis para renda acabados","Avenida das Nações Unidas, 18001 - São Paulo","29463.00","1","0.0000","0.0000","Inativo","2024-06-09 00:00:00","2025-03-10 00:00:00"
"ALZR11","Dasa - Ascendino Reis","Imóveis para renda acabados","Avenida Professor Ascendino Reis, 549, Sem Complemento, Vila Clementino, Sao Paulo/SP, Brasil, 04027-000","2283.66","1","0.0000","0.0000","Inativo","2024-10-26 00:00:00","2025-07-10 00:00:00"
"AJFI11","Continente Shopping","Imóveis para renda acabados","Esquina Rod. SC 281, Distrito Industrial - 88104-801, Grande Florianópolis - SC","36032.70","270","0.0920","-0.0323","Inativo","2024-11-24 00:00:00","2025-10-26 00:00:00"
"ALZR11","Decatlhon - Morumbi","Imóveis para renda acabados","Avenida Duquesa De Goias, 381, Sem Complemento, Real Parque, Sao Paulo/SP, Brasil, 05686-001","28500.00","1","0.0000","0.0000","Inativo","2024-06-30 00:00:00","2025-07-10 00:00:00"
"RZZR11","CD Seara Ribeirao das Neves - R2MN","Imóveis para renda acabados","Rua Alexandre Barreto Cavalcante, 74, Lote 01b Quadra 07, Alterosa, Ribeirao Das Neves/MG, Brasil, 33821-105","36250.63","1","0.0000","0.0000","Ativo","2025-07-02 00:00:00","2025-10-28 00:00:00"
"ALZR11","Imóvel Decatlhon - Morumbi","Imóveis para renda acabados","Avenida Duquesa De Goias, 381, Real Parque, Sao Paulo/SP, Brasil, 05686-001","28500.00","1","0.0000","0.0000","Inativo","2024-05-23 00:00:00","2025-09-06 00:00:00"
"ALZR11","Imovél Clariant - Nações Unidas","Imóveis para renda acabados","Avenida das Nações Unidas, 18001, Santo Amaro, Sao Paulo/SP, Brasil, 04795-900","29463.00","1","0.0000","0.0000","Inativo","2024-07-29 00:00:00","2025-09-20 00:00:00"
"RZZR11","Seara Alimentos Ltda.","Imóveis para renda acabados","Rua Alexandre Barreto Cavalcanti 74, , Ribeirão das Neves, MG, 33821-105","36250.63","1","0.0000","0.0000","Ativo","2025-07-02 00:00:00","2025-10-28 00:00:00"
"RZZR11","SEARA ALIMENTOS LTDA.","Imóveis para renda acabados","Rua Alexandre Barreto Cavalcante Lote nº 01, Quadra 07, Ribeirão das Neves, SP, 07415-000","36250.63","1","0.0000","0.0000","Ativo","2025-07-02 00:00:00","2025-10-28 00:00:00"
"ALZR11","Imovel Globo - Jardim Botanico","Imóveis para renda acabados","Rua Pacheco Leao, 70, Sem Complemento, Jardim Botanico, Rio De Janeiro/RJ, Brasil, 22460-030","3815.52","1","0.0000","0.0000","Inativo","2025-07-13 00:00:00","2025-10-26 00:00:00"
"ALZR11","Atento Del Castilho","Imóveis para renda acabados","Avenida Dom Helder Camara, 3.203, Sem Complemento, Del Castilho, Rio De Janeiro/RJ, Brasil, 21050-624","8178.00","1","0.0000","0.0000","Inativo","2024-05-23 00:00:00","2025-03-01 00:00:00"
"RZZR11","Imovel - Lucas Rio Verde","Imóveis para renda acabados","Setor 2, Setor 2, S/n, Lote 08b3, Setor 2, Lucas Do Rio Verde/MT, Brasil, 78455-000","10000.00","1","0.0000","0.0000","Ativo","2025-07-06 00:00:00","2025-10-28 00:00:00"
"ALZR11","Imóvel Decathlon","Imóveis para renda acabados","Avenida Duquesa de Goiás 381, São Paulo, SP, 05686-001","8750.00","1","0.0000","0.0000","Inativo","2024-12-27 00:00:00","2025-10-05 00:00:00"
"RZZR11","Stock Tech Lucas do Rio Verde","Imóveis para renda acabados","Rodovia MT, Trevo, km 5,5 449, , Lucas do Rio Verde, MT, 78455-000","100000.00","1","0.0000","0.0000","Ativo","2025-07-13 00:00:00","2025-10-28 00:00:00"
"RZZR11","Galpao - Quatro Barras","Imóveis para renda acabados","Avenida Prefeito Domingos Mocelin Neto, 2600, 555, Sem Complemento, Borda Do Campo, Quatro Barras/PR, Brasil, 83425-970","38082.00","1","0.0000","0.0000","Ativo","2025-09-07 00:00:00","2025-10-28 00:00:00"
"ALZR11","Imóvel Atento Del Castilho","Imóveis para renda acabados","Avenida Dom Hélder Câmara, 3.203 e 3.229, Del Castilho, Rio De Janeiro/RJ, Brasil, 21050-624","8178.00","1","0.0000","0.0000","Inativo","2025-03-16 00:00:00","2025-04-26 00:00:00"
"RZZR11","Imovel Vitoria da Conquista","Imóveis para renda acabados","Avenida Anel De Contorno, S/n, Lote J-13b, Ayrton Senna, Vitoria Da Conquista/BA, Brasil, 45057-000","20000.00","1","0.0000","0.0000","Ativo","2025-07-02 00:00:00","2025-10-28 00:00:00"
"ALZR11","BRF - Guarulhos","Imóveis para renda acabados","Rua Barao De Penedo, 435, Sem Complemento, Cidade Industrial Satelite De Sao Paulo, Guarulhos/SP, Brasil, 07222-015","3459.00","1","0.0000","0.0000","Inativo","2024-05-23 00:00:00","2025-04-26 00:00:00"
"ALZR11","Empreendimento Ed. Moderna","Imóveis para renda acabados","Rua Padre Adelino 758, São Paulo, SP, 03303-000","9260.00","1","0.0000","0.0000","Inativo","2024-05-23 00:00:00","2025-10-26 00:00:00"
"ALZR11","Imovel Comercial Jd Guedala - Arapore","Imóveis para renda acabados","Rua Arapore, 655, Sem Complemento, Jardim Guedala, Sao Paulo/SP, Brasil, 05608-001","4517.00","1","1.0000","0.0000","Inativo","2024-12-27 00:00:00","2025-08-09 00:00:00"
"ALZR11","Globo","Imóveis para renda acabados","Rua Pacheco Leão, 70 - Jardim Botânico,  Rio de Janeiro","3815.52","1","0.0000","0.0000","Inativo","2024-10-19 00:00:00","2024-12-28 00:00:00"
"ALZR11","Imóvel FEMSA","Imóveis para renda acabados","Avenida dos Estados, S/N, Vila Metalúrgica, na Cidade de Santo André, São Paulo, 09220-570","12753.00","1","0.0000","0.0000","Inativo","2025-02-02 00:00:00","2025-04-05 00:00:00"
"RZZR11","Imovel Conde - Paraiba","Imóveis para renda acabados","Km 101, Da Br-101, 101, Conde/PB, Brasil, 58322-000","12847.30","1","0.0000","0.0000","Ativo","2025-07-02 00:00:00","2025-10-28 00:00:00"
"RZZR11","Imovel Itajai - SC","Imóveis para renda acabados","Rua Jose Lana, 850,  Brilhante I, Itajai/SC, Brasil, 88318-290","210609.28","1","0.0000","0.0000","Ativo","2025-07-02 00:00:00","2025-10-28 00:00:00"
"ALZR11","Galpão FEMSA","Imóveis para renda acabados","Avenida dos Estados, S/N, Vila Metalúrgica, na Cidade de Santo André, São Paulo, 09220-570","12753.00","1","0.0000","0.0000","Inativo","2025-01-19 00:00:00","2025-10-26 00:00:00"
"ALZR11","Femsa - Santo Andre","Imóveis para renda acabados","Avenida Dos Estados, S/n, Sem Complemento, Vila Metalurgica, Santo Andre/SP, Brasil, 09220-570","36740.00","1","0.0000","0.0000","Inativo","2025-03-09 00:00:00","2025-05-24 00:00:00"
"RZZR11","Stock Tech - Lucas do Rio Verde","Imóveis para renda acabados","Rodovia MT 449, trevo, Km 5,5 Lote 08B1, , Cuiabá, MT, 78455-000","100000.00","1","0.0000","0.0000","Ativo","2025-07-13 00:00:00","2025-10-28 00:00:00"
"ALZR11","Galpão GRU","Imóveis para renda acabados","Rua Barão de Penedo 248, P1, P13 e P14, Guarulhos, SP, 07222-015","3763.42","1","0.0000","0.0000","Inativo","2024-05-23 00:00:00","2025-03-10 00:00:00"
"ALZR11","Galpão BRF Guarulhos","Imóveis para renda acabados","Rua Barão De Penedo, 238, P1, P13 e P14, Guarulhos/SP, Brasil, 07222-015","3459.00","1","0.0000","0.0000","Inativo","2024-12-27 00:00:00","2025-09-28 00:00:00"
"ALZR11","Atento - Del Castilho","Imóveis para renda acabados","Avenida Dom Helder Camara, 3.203, Sem Complemento, Del Castilho, Rio De Janeiro/RJ, Brasil, 21050-624","8178.00","1","0.0000","0.0000","Inativo","2025-01-19 00:00:00","2025-04-11 00:00:00"
"OPTM11","N/A","Imóveis para venda acabados","N/A","0.00","0","0","0","Ativo","2024-12-27 00:00:00","2025-10-28 00:00:00"
"RZTR11","FAZ. PONTE DE PEDRAS - GO","Imóveis para renda acabados","Zona rural de Serranópolis/GO","6568300.00","1","0.0000","0.0000","Ativo","2024-11-17 00:00:00","2025-10-28 00:00:00"
"ALZR11","Bauducco - Guarulhos","Imóveis para renda acabados","Rua Fritz Reimann, 500, Sem Complemento, Vila Sao Joao, Guarulhos/SP, Brasil, 07044-020","11832.59","1","0.0000","0.0000","Inativo","2024-05-26 00:00:00","2025-10-05 00:00:00"
"ANCR11","NSF - NORTH SHOPPING FORTALEZA","Imóveis para renda acabados","Av. Bezerra de Menezes, 2450 - Presidente Kennedy - Fortaleza - CE","48574.80","198","0.1052","0.9355","Inativo","2025-07-06 00:00:00","2025-08-23 00:00:00"
"RZTR11","FAZ. BURITI - MT","Imóveis para renda acabados","Zona rural de São Jose do Xingú/MT","33540000.00","1","0.0000","0.0000","Ativo","2024-12-27 00:00:00","2025-10-28 00:00:00"
"RZTR11","FAZ. VALE DO RIO CELESTE - MT","Imóveis para renda acabados","Zona rural de Nova Ubiratã/MT","20840000.00","1","0.0000","0.0000","Ativo","2024-07-29 00:00:00","2025-10-28 00:00:00"
"RZTR11","FAZ. SÃO TOMAZ CACHOEIRINHA - GO","Imóveis para renda acabados","Zona rural de Rio Verde/GO","7750000.00","1","0.0000","0.0000","Ativo","2024-05-23 00:00:00","2025-10-28 00:00:00"
"RZTR11","FAZ. PARANATINGA 1 - MT","Imóveis para renda acabados","Zona rural de Sorriso/MT","82350000.00","1","0.0000","0.0000","Ativo","2024-12-27 00:00:00","2025-10-28 00:00:00"
"RZTR11","FAZ. CRISTALINA - MT","Imóveis para renda acabados","Zona rural de Campo Verde/MT","13630000.00","1","0.0000","0.0000","Ativo","2024-12-27 00:00:00","2025-10-28 00:00:00"
"RZTR11","FAZ. SÃO MARTINHO 1, 2, 3 e 4 - MT","Imóveis para renda acabados","Zona rural de Sorriso/MT","33740000.00","1","0.0000","0.0000","Ativo","2024-07-29 00:00:00","2025-10-28 00:00:00"
"RZTR11","FAZ. SANTA CLARA - PI","Imóveis para renda acabados","Zona rural de Bom Jesus/PI","122720000.00","1","0.0000","0.0000","Ativo","2024-05-23 00:00:00","2025-10-28 00:00:00"
"ALZR11","OBA Hortifruti - SBC","Imóveis para renda acabados","Avenida Francisco Prestes Maia, 1497, Sem Complemento, Centro, São Bernardo Do Campo/SP, Brasil, 09770-000","4428.00","1","0.0000","0.0000","Inativo","2024-10-19 00:00:00","2025-10-26 00:00:00"
"RZTR11","OURO1 - N. SCHWENING/GO","Imóveis para renda acabados","Zona rural de Rio Verde/GO","7278200.00","1","0.0000","0.0000","Ativo","2024-12-28 00:00:00","2025-10-28 00:00:00"
"RZTR11","FAZ. BONITO - GO","Imóveis para renda acabados","Zona rural de Serranópolis/GO","16472800.00","1","0.0000","0.0000","Ativo","2024-05-23 00:00:00","2025-10-28 00:00:00"
"APTO11","Imóvel Transnamérica","Imóveis para renda acabados","Rua Pedroso Alvarenga nºs 1256 e 1274, no 28º Subdistrito - Jardim Paulista, São Paulo - SP","66.51","1","0.0000","0.0000","Inativo","2024-12-27 00:00:00","2025-09-28 00:00:00"
"APTO11","Imóvel Radisson","Imóveis para renda acabados","Rua do Rócio nº 423 e Rua Fidêncio Ramos nº 420, no 28º Subdistrito - Jaridm Paulista, São Paulo - SP","73.20","1","0.0000","0.0000","Inativo","2025-01-06 00:00:00","2025-09-20 00:00:00"
"ALZR11","Imóvel Globo","Imóveis para renda acabados","Rua Pacheco Leão 70, Rio de Janeiro, RJ, 22460-030","3815.52","1","0.0000","0.0000","Inativo","2025-08-04 00:00:00","2025-10-26 00:00:00"
"ALZR11","APTIV Espirito Santo do Pinhal","Imóveis para renda acabados","Rod. Dr. Gov. Ademar Pereira De Barros, Km 195, 195, , , Espirito Santo Do Pinhal/SP, Brasil, 13990-000","18591.00","1","0.0000","0.0000","Inativo","2024-11-17 00:00:00","2025-10-26 00:00:00"
"RZTR11","FAZ. RIO BONITO - MT","Imóveis para renda acabados","Zona rural de Canarana/MT","49029791.00","1","0.0000","0.0000","Ativo","2024-05-23 00:00:00","2025-10-28 00:00:00"
"RZTR11","FAZ. SÃO FRANCISCO - MA","Imóveis para renda acabados","Zona rural de Buriticupu/MA","15270000.00","1","0.0000","0.0000","Ativo","2024-05-23 00:00:00","2025-10-28 00:00:00"
"RZTR11","FAZ. STO ANTÔNIO DO OURO - BA","Imóveis para renda acabados","Zona rural de Formosa do Rio Preto/BA","72230000.00","1","0.0000","0.0000","Ativo","2024-05-23 00:00:00","2025-10-28 00:00:00"
"RZAT11","Fábrica Poli-Gyn","Imóveis para renda acabados","Rodovia GO-070, Km 2 Qd. CH, Lt. 444, , Goiânia, GO, 74470-260","33885.00","1","0.0000","0.0000","Ativo","2024-05-23 00:00:00","2025-10-28 00:00:00"
"RZAT11","Galpão Granol","Imóveis para renda acabados","Rodovia BR 060 KM 504, Goiânia, GO, 75800-001","39855.86","1","0.0000","0.0000","Ativo","2024-05-23 00:00:00","2025-10-28 00:00:00"
"RZAT11","Galpao Industrial - Imperio","Imóveis para renda acabados","Rodovia Juscelino Kubitscheck De Oliveira - Br 364, S/n, Sem Complemento, Área Rural De Frutal, Frutal/MG, Brasil, 00038-207","78600.83","1","0.0000","0.0000","Ativo","2024-08-18 00:00:00","2025-10-28 00:00:00"
"RZAT11","Fábrica Goiânia","Imóveis para renda acabados","Rodovia GO-070 414, 415, 441, 442, 412, 413, 443 e 444, , Goiânia, Goiás,","8959.60","1","0.0000","0.0000","Ativo","2024-12-28 00:00:00","2025-10-28 00:00:00"
"APTO11","Imóvel IT Home","Imóveis para renda acabados","Rua Leopoldo Couto de Magalhães Júnior nº1098 e Rua Lopes Neto nº390, 28º Subdistrito - Jardim Paulista, São Paulo - SP","120.56","1","0.0000","0.0000","Inativo","2024-05-23 00:00:00","2025-10-26 00:00:00"
"RZAT11","Imovel Mirassol - Posto Monte Carlo","Imóveis para renda acabados","Avenida Santos Dumont, 4235, Loteamento Jardim Marilu, Vila Aeroporto, Mirassol/SP, Brasil, 15135-160","0.00","1","0.0000","0.0000","Ativo","2024-05-23 00:00:00","2025-10-28 00:00:00"
"RZAT11","Galpao Caucaia - Stock Teck","Imóveis para renda acabados","Rodovia Br020, 527, Sem Complemento, Campo Grande, Caucaia/CE, Brasil, 61663-015","5606.00","1","0.0000","0.0000","Ativo","2024-12-27 00:00:00","2025-10-28 00:00:00"
"RZAT11","PREDIO INDUSTRIAL - GALPÃO 51","Imóveis para renda acabados","AV. INDUSTRIAL, 601 - BAIRRO RECANTO - NOVA ODESSA - SP","13741.86","1","0.0000","0.0000","Ativo","2024-05-23 00:00:00","2025-10-28 00:00:00"
"RZAT11","Galpao Voar - Gleba A","Imóveis para renda acabados","Avenida Perimetral Norte, 10002, Sem Complemento, Setor Vila João Vaz, Goiania/GO, Brasil, 74583-285","93592.28","1","0.0000","0.0000","Ativo","2024-05-27 00:00:00","2025-10-28 00:00:00"
"RZAT11","Galpão Caucaia","Imóveis para renda acabados","Rodovia BR 020 572, Caucaia, CE, 061663-015","38849.65","1","0.0000","0.0000","Ativo","2024-07-29 00:00:00","2025-10-28 00:00:00"
"RZAT11","Imovel Andorinha - Campo Grande","Imóveis para renda acabados","Avenida Costa E Silva, 1275, Sem Complemento, Vila Progresso, Campo Grande/MS, Brasil, 79050-410","10541.98","1","0.0000","0.0000","Ativo","2025-01-19 00:00:00","2025-10-28 00:00:00"
"RZAT11","Imóvel Andorinha SP","Imóveis para renda acabados","Rua Professor Luciano Prata 204, São Paulo, SP, 02510-020","8158.00","1","0.0000","0.0000","Ativo","2024-05-23 00:00:00","2025-10-28 00:00:00"
"RZAT11","Empreendimento Votorantim - Splice","Imóveis para renda acabados","Avenida Juscelino Kubitschek De Oliveira, 154, Blocos A, B, C, Centro, Votorantim/SP, Brasil, 18110-901","13719.34","1","0.0000","0.0000","Ativo","2024-11-24 00:00:00","2025-10-28 00:00:00"
"RZAT11","Sítio Piracicaba","Imóveis para renda acabados","Estrada Vicente Bellini 293 e 555, Piracicaba, SP, 13427-225","30350.00","1","0.0000","0.0000","Ativo","2024-06-09 00:00:00","2025-10-28 00:00:00"
"RZAT11","Imovel Rio Claro - Posto Monte Carlo","Imóveis para renda acabados","Rodovia Washington Luis, Km.198, Sem Complemento, , Corumbatai/SP, Brasil, 13540-000","320.00","1","0.0000","0.0000","Ativo","2025-08-18 00:00:00","2025-10-28 00:00:00"
"BBIG11","Shopping Pátio Paulista","Imóveis para renda acabados","Rua Treze de Maio, 1947 - Bela Vista, São Paulo - 01327-900","38181.00","287","0.0050","0.0130","Inativo","2025-08-18 00:00:00","2025-10-05 00:00:00"
"RZAT11","Imóvel Andorinha MS","Imóveis para renda acabados","Av. Costa e Silva 1275, Campo Grande, MS, 79050-410","10541.98","1","0.0000","0.0000","Ativo","2024-09-22 00:00:00","2025-10-28 00:00:00"
"RZAT11","Galpao Industrial - Império","Imóveis para renda acabados","Rod. Juscelino Kubitscheck de Oliveira - BR 364, Frutal, MG, 38200-000","78600.83","1","0.0000","0.0000","Ativo","2025-01-06 00:00:00","2025-10-28 00:00:00"
"RSPD11","Vista Park","Imóveis para venda em construção","R. Dra. Neyde Apparecida Sollitto, 252/306 - Vila Clementino","73.48","1","0","0","Ativo","2025-02-16 00:00:00","2025-10-28 00:00:00"
"ASRF11","EDIFÍCIO E. CARDOSO","Imóveis para venda acabados","Rua Jose Antonio Coelho, 484, Sem Complemento, Vila Mariana, Sao Paulo/SP, Brasil, 04011-061","1695.40","20","0","0","Inativo","2024-12-27 00:00:00","2025-10-26 00:00:00"
"BBRC11","Loja Pinheiros","Imóveis para renda acabados","Rua Inácio Pereira da Rocha, 597 - Pinheiros, São Paulo - SP","685.00","1","1.0000","0.0000","Inativo","2025-05-11 00:00:00","2025-10-05 00:00:00"
"ROOF11","SP-AP-FLORE1","Imóveis para venda acabados","R. Doutor Thirso Martins, 264 - 82B - Vila Mariana - São Paulo ,SP 4120050","34.45","1","0","0","Ativo","2025-01-19 00:00:00","2025-10-28 00:00:00"
"BBRC11","Ag. Luis Carlos Berrini","Imóveis para renda acabados","Av. Eng. Luis Carlos Berrini, 559, São Paulo-SP","787.53","1","0.0000","0.0000","Inativo","2025-04-06 00:00:00","2025-10-05 00:00:00"
"ROOF11","SP-AP-CARPE1","Imóveis para venda acabados","Rua Carlos Weber, 956 - Apto 184, Vila Leopoldina - São Paulo-SP","51.50","1","0","0","Ativo","2025-01-19 00:00:00","2025-10-28 00:00:00"
"ROOF11","JD. ITAPURA","Imóveis para renda acabados","Rua Thomaz Matheus, s/n, Presidente Prudente - SP, CEP 19035-120","0.00","1","0.0000","0.0000","Ativo","2025-02-02 00:00:00","2025-10-28 00:00:00"
"ROOF11","GLEISSON 72","Imóveis para venda acabados","Rua Raul Pompeia, 89, São Paulo - SP, 05024-040","170.00","1","0","0","Ativo","2024-09-22 00:00:00","2025-10-28 00:00:00"
"ROOF11","SP-AP-EUROS1","Imóveis para venda acabados","Rua Joaquim Pereira Pinto, 82 - AP 21 - Vila Alpina - São Paulo ,SP 3226070","798.00","1","0","0","Ativo","2025-04-21 00:00:00","2025-10-28 00:00:00"
"ROOF11","SP-AP-BRAVA1","Imóveis para venda acabados","Rua Mário Augusto do Carmo, 420 - AP 61 - Costa Brava - São Paulo ,SP 3227070","1569.00","1","0","0","Ativo","2025-01-19 00:00:00","2025-10-28 00:00:00"
"ROOF11","SP-AP-SINTR1","Imóveis para venda acabados","RUA PROFESSOR HILARIO VEIGA DE CARVALHO N° 111, esquina com a RUA ANATOLE DE BAUDOT, no 13° Subdistrito Butantã, São Paulo, SP","364.15","1","0","0","Ativo","2025-08-04 00:00:00","2025-10-28 00:00:00"
"BBRC11","Ag. Osasco","Imóveis para renda acabados","Av. Gal. Pedro Pinho, 635, Osasco-SP","953.20","1","0.0000","0.0000","Inativo","2025-03-30 00:00:00","2025-10-05 00:00:00"
"ROOF11","SP-CS-ALPHA1","Imóveis para venda acabados","Alameda Dourado, 508 - , Residencial Alphaville 11 - Santana De Parnaiba-SP","738.00","1","0","0","Ativo","2024-12-27 00:00:00","2025-10-28 00:00:00"
"BBRC11","Ag. Raposo","Imóveis para renda acabados","Av. Eng. Heitor Antônio Eiras Garcia, 3963, São Paulo-SP","879.88","1","0.0000","0.0000","Inativo","2024-08-04 00:00:00","2025-09-06 00:00:00"
"ROOF11","SHIRAIWA 170","Imóveis para venda acabados","Rua Marieta Tenório, 170, Presidente Prudente - SP, 19063-260","180.00","1","0","0","Ativo","2025-10-26 00:00:00","2025-10-28 00:00:00"
"BBRC11","Ag. Rua Guaipá","Imóveis para renda acabados","R. Guaipá, 1379, São Paulo-SP","1003.04","1","0.0000","0.0000","Inativo","2025-01-19 00:00:00","2025-02-01 00:00:00"
"BBRC11","Ag. Rua Pires da Mota","Imóveis para renda acabados","R. Pires da Mota, 488, São Paulo-SP","839.35","1","0.0000","0.0000","Inativo","2025-02-16 00:00:00","2025-06-28 00:00:00"
"ROOF11","PP-CS-LIDER1","Imóveis para venda acabados","Rua Sebastião de Carvalho, lote 09 - Presidente Prudente - SP","250.00","1","0","0","Ativo","2025-04-21 00:00:00","2025-10-28 00:00:00"
"ROOF11","AP MOOCA","Imóveis para venda acabados","Rua Jaboticabal,530, Apto 103, São Paulo - SP, 03188-000","151.50","1","0","0","Ativo","2025-10-05 00:00:00","2025-10-28 00:00:00"
"BBRC11","Ag. Estilo Berrini","Imóveis para renda acabados","Av. Eng. Luis Carlos Berrini, 559, São Paulo-SP","787.53","1","0.0000","0.0000","Inativo","2024-05-23 00:00:00","2025-09-20 00:00:00"
"ROOF11","PALLADIUM201","Imóveis para renda acabados","Rua Siqueira Campos, 419, Apto 201, Presidente Prudente - SP, 19010-061","1.00","1","0.0000","0.0000","Ativo","2025-07-27 00:00:00","2025-10-28 00:00:00"
"ROOF11","JD AVIAÇÃO","Imóveis para venda acabados","Rua José Tarifa Conde, nº694, CEP19020-540, Presidente Prudente, SP","0","0","0","0","Ativo","2024-05-23 00:00:00","2025-10-28 00:00:00"
"ROOF11","SP-AP-NATAS1","Imóveis para venda acabados","Avenida Zelina, 363 - AP 63 - Vila Prudente - São Paulo ,SP 3143001","102.71","1","0","0","Ativo","2025-07-13 00:00:00","2025-10-28 00:00:00"
"ROOF11","AP ANTONELLO","Imóveis para venda acabados","Alameda Joaquim Eugênio de Lima, 1058, Apto 43, São Paulo/SP, 01403-002","137.01","1","0","0","Ativo","2024-05-23 00:00:00","2025-10-28 00:00:00"
"BBRC11","Ag. São Miguel","Imóveis para renda acabados","Av. São Miguel, 2328, São Paulo-SP","775.41","1","0.0000","0.0000","Inativo","2025-02-02 00:00:00","2025-10-26 00:00:00"
"BBRC11","Ag. Raposo","Imóveis para renda em construção","Av. Eng. Heitor Antônio Eiras Garcia, 3963, São Paulo-SP","879.88","1","0.0000","0.0000","Inativo","2024-05-23 00:00:00","2025-09-28 00:00:00"
"BBRC11","Ag. São Bernardo do Campo","Imóveis para renda acabados","Av. Maria Servidei Demarchi, 1658, São Bernardo do Campo-SP","691.63","1","0.0000","0.0000","Inativo","2025-04-06 00:00:00","2025-09-06 00:00:00"
"RNGO11","Edificio Padauri","Imóveis para renda acabados","Alameda Rio Negro, 585- Alphaville Industrial, Barueri- SP","17735.81","26","0.1147","0.0000","Ativo","2024-05-23 00:00:00","2025-10-28 00:00:00"
"RNGO11","Outros","Imóveis para renda acabados","Alameda Rio Negro, 585- Alphaville Industrial, Barueri- SP","3107.53","6","0.0000","0.0000","Ativo","2024-05-23 00:00:00","2025-10-28 00:00:00"
"RNGO11","Lojas","Imóveis para renda acabados","Alameda Rio Negro, 585- Alphaville Industrial, Barueri- SP","3107.53","6","0.0000","0.0000","Ativo","2025-07-13 00:00:00","2025-10-28 00:00:00"
"RNGO11","Estacionamento","Imóveis para renda acabados","Alameda Rio Negro, 585- Alphaville Industrial, Barueri- SP","17905.38","744","0.0000","0.0000","Ativo","2024-05-23 00:00:00","2025-10-28 00:00:00"
"RNGO11","Edificio Demini","Imóveis para renda acabados","Alameda Rio Negro, 585- Alphaville Industrial, Barueri- SP","15963.97","26","0.3508","0.0000","Ativo","2024-05-23 00:00:00","2025-10-28 00:00:00"
"RNGO11","DeckPark","Imóveis para renda acabados","Alameda Rio Negro, 585- Alphaville Industrial, Barueri- SP","17905.38","744","0.0000","0.0000","Ativo","2024-05-23 00:00:00","2025-10-28 00:00:00"
"RMAI11","Galpão Industrial","Imóveis para renda acabados","Avenida Armando Morais Sarmento 100 - Distrito Industrial de Queimados/RJ","8545.00","3","0.0000","0.0000","Ativo","2024-05-23 00:00:00","2025-10-28 00:00:00"
"RMAI11","Edificio DOMO CORPORATE","Imóveis para renda acabados","Rua José Versolato, 101, Centro","35118.32","114","0.8091","0.0000","Ativo","2024-05-23 00:00:00","2025-10-28 00:00:00"
"RMAI11","Edifício Domo Corporate","Imóveis para renda acabados","Rua José Versolato, 111, Centro, São Bernardo do Campo/SP.","30600.00","94","0.1702","0.0000","Ativo","2024-05-23 00:00:00","2025-10-28 00:00:00"
"BIPD11","SEBASTIAO PAES (BRIO IV) 50%","Imóveis para renda em construção","Rua Sebastião Paes, Campo Belo-SP","2303.35","11","0.0000","0","Inativo","2025-07-02 00:00:00","2025-08-01 00:00:00"
"RMAI11","Ed. Domo Corporate","Imóveis para renda acabados","Rua João  Versolato, 111, Centro, Sbc-SP","30600.00","94","0.1982","0.0000","Ativo","2024-05-23 00:00:00","2025-10-28 00:00:00"
"RMAI11","Galpão  Industrial","Imóveis para renda acabados","Avenida Armando Morais Sarmento, nº 100, Distrito Industrial de Queimados, Cidade de Queimados, Estado do Rio de Janeiro","8545.00","3","0.0000","0.0000","Ativo","2024-05-23 00:00:00","2025-10-28 00:00:00"
"RELG11","Rec Log Contagem","Imóveis para renda acabados","Avenida Wilson Tavares Ribeiro, nº 800","8080.00","1","0.0000","0.0000","Ativo","2024-05-23 00:00:00","2025-10-28 00:00:00"
"RELG11","Forma Bens Extrema","Imóveis para renda acabados","Rua Josepha Gomes de Souza, 306, Extrema/MG","11363.84","1","0.0000","0.0000","Ativo","2024-05-23 00:00:00","2025-10-28 00:00:00"
"RELG11","New Space - Cotia","Imóveis para renda acabados","Estrada dos Estudantes, 600, Cotia/SP","18077.77","1","0.0000","0.0000","Ativo","2024-05-23 00:00:00","2025-10-28 00:00:00"
"RELG11","REC Log Cotia","Imóveis para renda acabados","Estrada dos Estudantes, 600, Cotia/SP","18077.77","1","0.0000","0.0000","Ativo","2025-08-17 00:00:00","2025-10-28 00:00:00"
"RELG11","Log Camaçari","Imóveis para renda acabados","Via de Ligação, 109, Polo Industrial, Camaçari/BA","47441.41","1","0.0549","0.0000","Ativo","2024-05-23 00:00:00","2025-10-28 00:00:00"
"RELG11","Rec Log Queimados","Imóveis para renda acabados","Av. Bahia, nº 1.000,Lote 12 da Quadra 06, no município de Queimados - Rio de Janeiro","12335.00","1","0.0000","0.0000","Ativo","2024-05-23 00:00:00","2025-10-28 00:00:00"
"RELG11","REC LOG CONTAGEM","Imóveis para renda acabados","Avenida Wilson Tavares Ribeiro, nº 800","8080.00","1","0.0000","0.0000","Ativo","2024-08-18 00:00:00","2025-10-28 00:00:00"
"RELG11","REC LOG EXTREMA","Imóveis para renda acabados","Rua Josepha Gomes de Souza, 306, Extrema/MG","11363.84","1","0.0000","0.0000","Ativo","2024-12-27 00:00:00","2025-10-28 00:00:00"
"RELG11","REC LOG QUEIMADOS","Imóveis para renda acabados","Av. Bahia, nº 1.000,Lote 12 da Quadra 06, no município de Queimados - Rio de Janeiro","12335.00","1","0.2464","0.0000","Ativo","2025-02-02 00:00:00","2025-10-28 00:00:00"
"REIT11","0","Imóveis para renda acabados","0","0.00","0","0.0000","0.0000","Ativo","2024-05-23 00:00:00","2025-10-28 00:00:00"
"RECT11","Complexo Madeira","Imóveis para renda acabados","Complexo Madeira, Alameda Madeira, nº 328, na cidade de Barueri - SP","4402.60","77","0.0000","0.0000","Ativo","2024-05-23 00:00:00","2025-10-28 00:00:00"
"RECT11","Edificio Barra da Tijuca","Imóveis para renda acabados","Av. Ayrton Senna, 2200 - Barra da Tijuca - Rio de Janeiro - RJ","23209.70","4","0.0771","0.0000","Ativo","2024-05-23 00:00:00","2025-10-28 00:00:00"
"BLOG11","BlueCap Camaçari I","Imóveis para renda acabados","Via de Ligação, 858-1.176","31031.88","1","0.0000","0.0000","Inativo","2025-07-02 00:00:00","2025-09-20 00:00:00"
"BLOG11","Centro Logístico Igarassu","Imóveis para renda acabados","Av. Alfredo Bandeira de Melo, s/n - Quadra Area - Lote C - Vila Rural, Igarassu-PE","58822.61","0","0.0000","0.0000","Inativo","2025-07-20 00:00:00","2025-10-05 00:00:00"
"RECT11","Condomínio Evolution Corporate","Imóveis para renda acabados","Alameda Xingu, 512 - Alphaville - Barueri - SP","14929.14","34","0.0588","0.0000","Ativo","2024-06-09 00:00:00","2025-10-28 00:00:00"
"RECT11","Cidade Matarazzo","Imóveis para renda acabados","Alameda Rio Claro, 190, Bela Vista, São Paulo - SP","2427.00","8","0.0000","0.0000","Ativo","2024-05-23 00:00:00","2025-10-28 00:00:00"
"RECT11","Av. Europa, 884","Imóveis para renda acabados","Av. Europa, nº 884, Jardim América, São Paulo - SP","1962.60","1","0.0000","0.0000","Ativo","2024-05-23 00:00:00","2025-10-28 00:00:00"
"RECT11","Ed. Pq Dona Ana Costa","Imóveis para renda acabados","Av. Dona Ana Costa, nº 433, cidade de Santos - SP","7008.24","19","0.0000","0.0000","Ativo","2024-05-23 00:00:00","2025-10-28 00:00:00"
"BNFS11","BELÉM NOVO","Imóveis para renda acabados","Av. Cecilio Monza, 10827 - Porto Alegre-RS","558.70","1","0.0000","0.0000","Inativo","2024-05-23 00:00:00","2025-05-10 00:00:00"
"RECT11","Canopus Corporate Alphaville","Imóveis para renda acabados","Av. Tamboré, 267 - Alphaville - Barueri - SP","26173.81","22","0.1955","0.0000","Ativo","2024-05-23 00:00:00","2025-10-28 00:00:00"
"BNFS11","Esteio","Imóveis para renda acabados","Av. Padre Claret  1104 - Esteio-RS","475.70","1","0.0000","0.0000","Inativo","2025-03-09 00:00:00","2025-08-30 00:00:00"
"RECT11","Parque Cidade Corporate","Imóveis para renda acabados","SHCS Q.6 BL A, 7º, 8º E 12º andares - Brasília - DF","5294.01","15","0.0711","0.0000","Ativo","2024-05-23 00:00:00","2025-10-28 00:00:00"
"RECT11","Corporate Emiliano","Imóveis para renda acabados","Corporate Emiliano, Rua Emiliano Perneta, 480, Curitiba, PR","5944.52","54","0.3441","0.0000","Ativo","2024-06-09 00:00:00","2025-10-28 00:00:00"
"BNFS11","SÃO LEOPOLDO - SCHARLAU","Imóveis para renda acabados","Av. Tomaz Edison, 2615  - Sao Leopoldo-RS","568.02","1","0.0000","0.0000","Inativo","2025-03-09 00:00:00","2025-07-24 00:00:00"
"RECR11","Não aplicável","Imóveis para venda acabados","Não aplicável","0.00","1","0","0","Ativo","2024-05-23 00:00:00","2025-10-28 00:00:00"
"BNFS11","GENERAL CÂMARA","Imóveis para renda acabados","Rua Jose Do Patrocinio, 165 - General Camara-RS","373.30","1","0.0000","0.0000","Inativo","2025-01-26 00:00:00","2025-07-24 00:00:00"
"BNFS11","RIO GRANDE - CASSINO","Imóveis para renda acabados","Av. Atlantica, 537 - Rio Grande,RS","403.45","1","0.0000","0.0000","Inativo","2025-01-06 00:00:00","2025-09-20 00:00:00"
"RECR11","N/A","Imóveis para venda em construção","N/A","0.00","1","0","0","Ativo","2024-05-23 00:00:00","2025-10-28 00:00:00"
"BNFS11","VILA IPIRANGA","Imóveis para renda acabados","Av do Forte, 1128 - Porto Alegre-RS","506.29","1","0.0000","0.0000","Inativo","2024-08-11 00:00:00","2025-03-29 00:00:00"
"BNFS11","CRUZ ALTA","Imóveis para renda acabados","Av. Venancio Aires, 1745 - Cruz Alta-RS","937.02","1","0.0000","0.0000","Inativo","2025-01-06 00:00:00","2025-07-24 00:00:00"
"RECR11","MORUMBI PLAZA (Unidades 11, 31, 41, 51, 61,71, 81)","Imóveis para renda acabados","Edifício Morumbi Plaza Avenida Dr. Chucri Zaidan, 150 -Bloco A","1695.34","7","1.0000","0.0000","Ativo","2024-05-23 00:00:00","2025-10-28 00:00:00"
"BNFS11","Parobé","Imóveis para renda acabados","Rua Odorico Mosmann, 257 - Parobe-RS","513.03","1","0.0000","0.0000","Inativo","2024-12-28 00:00:00","2025-04-26 00:00:00"
"RCRB11","Edifício Alameda Santos","Imóveis para renda em construção","Alameda Santos, 1.800 - Jardins","6174.49","0","0","0","Ativo","2024-05-23 00:00:00","2025-10-28 00:00:00"
"RCRB11","JK FINANCIAL CENTER","Imóveis para renda acabados","Av. Juscelino Kubitschek, 510, Itaim Bibi, São Paulo/SP","10411.51","11","0.0000","0.0000","Ativo","2024-05-23 00:00:00","2025-10-28 00:00:00"
"RCRB11","CETENCO","Imóveis para renda acabados","Avenida Paulista 1842, Cerqueira Cesar, São Paulo/SP","1067.68","11","0.0000","0.0000","Ativo","2024-05-23 00:00:00","2025-10-28 00:00:00"
"BLOG11","BLOG Garuva","Imóveis para renda acabados","Rodovia SC - 417, 11915, Bairro Mina Velha, Garuva/SC","22789.59","1","0.0000","0.0000","Inativo","2025-10-05 00:00:00","2025-10-26 00:00:00"
"BNFS11","SANTA MARIA - TANCREDO NEVES","Imóveis para renda acabados","Rua Maranhao 280 - Santa Maria-RS","498.30","1","0.0000","0.0000","Inativo","2024-05-23 00:00:00","2025-07-10 00:00:00"
"BNFS11","Belém Novo","Imóveis para renda acabados","Av. Cecilio Monza, 10827 - Porto Alegre-RS","558.70","1","0.0000","0.0000","Inativo","2025-01-05 00:00:00","2025-08-01 00:00:00"
"BLOG11","BlueCap Pacatuba","Imóveis para renda acabados","Avenida Doutor Mendel Steinbruch, 11. 308","22968.00","1","0.0000","0.0951","Inativo","2025-10-19 00:00:00","2025-10-26 00:00:00"
"RCRB11","CANDELÁRIA CORPORATE","Imóveis para renda acabados","Rua da Candelária nº 65, Centro, Rio de Janeiro/RJ","1297.00","2","0.0000","0.0000","Ativo","2024-05-23 00:00:00","2025-10-28 00:00:00"
"RCRB11","CONTINENTAL SQUARE","Imóveis para renda acabados","Rua Olimpiadas. 205, São Paulo SP","7696.08","3","0.0730","0.0000","Ativo","2024-05-23 00:00:00","2025-10-28 00:00:00"
"BNFS11","SAPUCAIA/RS","Imóveis para renda acabados","Av. Joao Pereira de Vargas, 1460 - Sapucaia do Sul-RS","418.83","1","0.0000","0.0000","Inativo","2024-05-23 00:00:00","2025-08-01 00:00:00"
"RCRB11","EDIFÍCIO BRAVO! PAULISTA","Imóveis para renda acabados","Alameda Santos, 1.800 - Jardins","5847.54","17","0.0330","0.0000","Ativo","2024-08-11 00:00:00","2025-10-28 00:00:00"
"RCRB11","PQ CULTURAL PAULISTA","Imóveis para renda acabados","Avenida Paulista, 37, São Paulo/SP","5033.52","5","0.0000","0.0000","Ativo","2024-05-23 00:00:00","2025-10-28 00:00:00"
"RCRB11","JATOBÁ","Imóveis para renda acabados","Rua Surubim, 373, Brooklin Novo, São Paulo/SP","1712.49","1","0.0000","0.0000","Ativo","2024-05-23 00:00:00","2025-10-28 00:00:00"
"RCRB11","INTERNACIONAL RIO","Imóveis para renda acabados","Praia do Flamengo nº 154, Flamengo, Rio de Janeiro/RJ","1480.00","2","0.4400","0.0000","Ativo","2024-05-23 00:00:00","2025-10-28 00:00:00"
"BNFS11","Vacaria","Imóveis para renda acabados","Rua Moreira Paz 591 - Vacaria-RS","916.54","1","0.0000","0.0000","Inativo","2024-05-26 00:00:00","2025-07-05 00:00:00"
"RCRB11","CETENCO PLAZA","Imóveis para renda acabados","Avenida Paulista 1842, Cerqueira Cesar, São Paulo/SP","2135.00","2","0.5000","0.0000","Ativo","2024-05-23 00:00:00","2025-10-28 00:00:00"
"BNFS11","TANCREDO NEVES","Imóveis para renda acabados","Rua Maranhao 280 - Santa Maria-RS","498.30","1","0.0000","0.0000","Inativo","2025-08-17 00:00:00","2025-09-20 00:00:00"
"RCFA11","Apartamento Parques das Águas 2106","Imóveis para renda acabados","Estrada dos Menezes nº 400 - Bairro Mutondo, São Gonçalo - Rio de Janeiro","126.32","1","0.0000","0.0000","Ativo","2024-05-23 00:00:00","2025-10-28 00:00:00"
"RCFA11","Apartamento Parques das Águas 902","Imóveis para renda acabados","Estrada dos Menezes nº 400 - Bairro Mutondo, São Gonçalo - Rio de Janeiro","57.62","1","0.0000","0.0000","Ativo","2024-05-23 00:00:00","2025-10-28 00:00:00"
"BNFS11","SÃO LEOPOLDO - CAMPINA","Imóveis para renda acabados","Rua Henrique Bier, 1125 - Sao Leopoldo-RS","477.94","1","0.0000","0.0000","Inativo","2025-02-02 00:00:00","2025-10-26 00:00:00"
"BNFS11","PAROBÉ","Imóveis para renda acabados","Rua Odorico Mosmann, 257 - Parobe-RS","513.03","1","0.0000","0.0000","Inativo","2024-07-29 00:00:00","2025-10-05 00:00:00"
"BNFS11","Scharlau","Imóveis para renda acabados","Av. Tomaz Edison, 2615  - Sao Leopoldo-RS","533.70","1","0.0000","0.0000","Inativo","2025-01-06 00:00:00","2025-09-20 00:00:00"
"RBVA11","GPA - Recife","Imóveis para renda acabados","Contrato Supermercado Recife","4583.00","1","0.0000","0.0000","Ativo","2025-03-09 00:00:00","2025-10-28 00:00:00"
"RBVA11","Planalto Paulista","Imóveis para renda acabados","Av. Indianópolis, nº 2.125 - São Paulo - SP","1299.00","1","0.0000","0.0000","Ativo","2024-05-23 00:00:00","2025-10-28 00:00:00"
"RBVA11","Santander - URB-Porto Alegre - 7 de Setembro","Imóveis para renda acabados","Rua 7 de Setembro, 1100 - RS","2106.79","1","0.0000","0.0000","Ativo","2024-05-27 00:00:00","2025-10-28 00:00:00"
"BNFS11","Belem Novo","Imóveis para renda acabados","Av. Cecilio Monza, 10827 - Porto Alegre-RS","558.70","1","0.0000","0.0000","Inativo","2024-05-23 00:00:00","2025-10-26 00:00:00"
"BNFS11","Sapiranga","Imóveis para renda acabados","Av. 20 de Setembro, 3755 - Sapiranga-RS","922.02","1","0.0000","0.0000","Inativo","2024-05-23 00:00:00","2025-10-26 00:00:00"
"RBVA11","Quitaúna","Imóveis para renda acabados","Av. dos Autonomistas, nº 5.386 - Osasco - SP","2250.00","1","0.0000","0.0000","Ativo","2024-05-23 00:00:00","2025-10-28 00:00:00"
"RBVA11","Santander","Imóveis para renda acabados","R Barao de Jundiai 884 - SP","6438.52","1","0.0000","0.0000","Ativo","2024-05-27 00:00:00","2025-10-28 00:00:00"
"RBVA11","Barra Funda","Imóveis para renda acabados","Av. Rio Branco, nº 1.675 - loja - São Paulo - SP","1293.02","1","0.0000","0.0000","Ativo","2024-05-23 00:00:00","2025-10-28 00:00:00"
"BNFS11","Vila Ipiranga","Imóveis para renda acabados","Av do Forte, 1128 - Porto Alegre-RS","495.20","1","0.0000","0.0000","Inativo","2024-12-27 00:00:00","2025-10-26 00:00:00"
"RBVA11","Mutinga","Imóveis para renda acabados","Avenida das Esmeraldas, 512 - Osasco - SP","804.00","1","0.0000","0.0174","Ativo","2024-05-23 00:00:00","2025-10-28 00:00:00"
"BPML11","SHOPPING CAPIM DOURADO","Imóveis para venda acabados","Quadra Arno 13 Avenida Ns 5, S/n, Sem Complemento, Plano Diretor Norte, Palmas/TO, Brasil, 77001-098","36575.00","1","0","0","Inativo","2025-08-18 00:00:00","2025-10-05 00:00:00"
"RBVA11","Santander - Jundiaí","Imóveis para renda acabados","R Barao de Jundiai 884 - SP","6438.52","1","0.0000","0.0000","Ativo","2024-05-23 00:00:00","2025-10-28 00:00:00"
"BNFS11","VACARIA/RS","Imóveis para renda acabados","Rua Moreira Paz 591 - Vacaria-RS","916.54","1","0.0000","0.0000","Inativo","2024-08-18 00:00:00","2025-10-26 00:00:00"
"RBVA11","Agência - Ag Av. Pres. Wilson      ","Imóveis para renda acabados","Contrato Agencia Av Presidente Wilson","735.00","1","0.0000","0.0000","Ativo","2025-02-16 00:00:00","2025-10-28 00:00:00"
"RBVA11","Santander - Avenidas","Imóveis para renda acabados","Av. Paulista, 436 - SP","2857.24","1","0.0000","0.0000","Ativo","2024-05-23 00:00:00","2025-10-28 00:00:00"
"RBVA11","Santander - URB-Sp-Al.Rib Preto-Ed Olivetti","Imóveis para renda acabados","Av Paulista 447 Loja  - SP","1010.00","1","0.0000","0.0000","Ativo","2025-07-27 00:00:00","2025-10-28 00:00:00"
"RBVA11","Cipó-Guaçu","Imóveis para renda acabados","Rua Sesefredo Klein Doll, 12 - Embu-Guaçu - SP","548.68","1","0.0000","0.0000","Ativo","2024-05-23 00:00:00","2025-10-28 00:00:00"
"BRCO11","Expansão Contagem","Imóveis para renda em construção","Avenida Wilson Tavares Ribeiro, nº 1.651 - Contagem - MG","11711.00","0","0.0000","0.0000","Inativo","2024-05-23 00:00:00","2024-07-14 00:00:00"
"RBVA11","GPA - São Bernardo do Campo","Imóveis para renda acabados","Rua Santa Filomena, nºs 677, 687 e 697, Centro - SBC - SP","2365.00","1","0.0000","0.0000","Ativo","2024-12-28 00:00:00","2025-10-28 00:00:00"
"BRCO11","DHL Embu","Imóveis para renda acabados","Avenida Helio Ossamu Daikuara nº 1.135,  Embu da Artes - SP","18081.75","1","0.0000","0.0000","Inativo","2024-09-01 00:00:00","2025-04-26 00:00:00"
"RBVA11","CEF - Ipanema","Imóveis para renda acabados","Rua Visconde de Pirajá, nº 127  - Rio de Janeiro - RJ","510.00","1","0.0000","0.0000","Ativo","2024-11-02 00:00:00","2025-10-28 00:00:00"
"RBVA11","Haddock Lobo","Imóveis para renda acabados","Rua Haddock Lobo, 1573, Jardins","1365.00","1","0.0000","0.0000","Ativo","2025-08-10 00:00:00","2025-10-28 00:00:00"
"RBVA11","Santander - Rio-Candelária","Imóveis para renda acabados","Rua Buenos Aires, 48 - RJ","1040.00","1","0.0000","0.0000","Ativo","2024-09-30 00:00:00","2025-10-28 00:00:00"
"RBVA11","Pirituba","Imóveis para renda acabados","Rua Guerino Giovani Leardini, nº 63/67 - São Paulo - SP","1368.00","1","0.0000","0.0000","Ativo","2024-05-23 00:00:00","2025-10-28 00:00:00"
"RBVA11","Ipanema","Imóveis para renda acabados","Rua Visconde de Pirajá, nº 127  - Rio de Janeiro - RJ","510.00","1","0.0000","0.0000","Ativo","2024-05-23 00:00:00","2025-10-28 00:00:00"
"RBVA11","Santander - Ag. São João - Duque de Caxias","Imóveis para renda acabados","Av. Duque de Caxias - SP","2107.31","1","0.0000","0.0000","Ativo","2025-07-13 00:00:00","2025-10-28 00:00:00"
"BRCO11","Bresco Osasco","Imóveis para renda acabados","Rua Henry Ford, 803 - Osasco - SP","29637.31","1","0.0000","0.0000","Inativo","2025-09-14 00:00:00","2025-09-20 00:00:00"
"RBVA11","Santander - Alcântara - São Gonçalo/RJ","Imóveis para renda acabados","Rua João de Almeida, 72","1089.00","1","0.0000","0.0000","Ativo","2025-08-04 00:00:00","2025-10-28 00:00:00"
"BRCO11","Bresco Bahia G100","Imóveis para renda acabados","Rod. BA-535. km 23, Lauro de Freitas - BA","38141.97","1","0.0000","0.0000","Inativo","2024-05-23 00:00:00","2024-07-14 00:00:00"
"BRCO11","FM Logistic Resende","Imóveis para renda acabados","Avenida D com acesso a Rodovia Presidente Dutra, KM 298, Resende - RJ","25487.73","1","0.0000","0.0000","Inativo","2024-09-01 00:00:00","2024-09-14 00:00:00"
"RBVA11","São Gonçalo","Imóveis para renda acabados","Rua Dr. Nilo Peçanha, nº 125 - São Gonçalo - RJ","1388.00","1","0.0000","0.0000","Ativo","2024-05-23 00:00:00","2025-10-28 00:00:00"
"BRCO11","Expansão Bresco Bahia (G100)","Imóveis para renda em construção","Rod. BA-535. km 23, Lauro de Freitas - BA","2497.60","0","0.0000","0.0000","Inativo","2025-04-21 00:00:00","2025-07-19 00:00:00"
"RBVA11","- - Centro - Rio de Janeiro/RJ","Imóveis para renda acabados","Rua da Quitanda, 70","1928.09","1","1.0000","0.0000","Ativo","2025-01-19 00:00:00","2025-10-28 00:00:00"
"RBVA11","- - Centro - Fortaleza/CE","Imóveis para renda acabados","Rua Pedro I, 373","2511.00","1","1.0000","0.0000","Ativo","2025-08-17 00:00:00","2025-10-28 00:00:00"
"RBVA11","CEF - São Gonçalo","Imóveis para renda acabados","Rua Dr. Nilo Peçanha, nº 125 - São Gonçalo - RJ","1388.00","1","0.0000","0.0000","Ativo","2025-06-08 00:00:00","2025-10-28 00:00:00"
"BRCO11","Bresco Murici","Imóveis para renda acabados","Rod. BR 104 km 57, s/n - Murici - AL","50291.37","1","0.0000","0.0000","Inativo","2024-12-27 00:00:00","2025-08-17 00:00:00"
"RBVA11","Santander - Ag. URB - S Bernardo do Campo","Imóveis para renda acabados","R. Marechal Deodoro - SP","1524.32","1","0.0000","0.0000","Ativo","2025-01-12 00:00:00","2025-10-28 00:00:00"
"RBVA11","Itaquaquecetuba","Imóveis para renda acabados","Rua Sebastião Ferreira dos Santos, nº 93 - Itaqua - SP","2342.10","1","0.0000","0.0000","Ativo","2024-05-23 00:00:00","2025-10-28 00:00:00"
"RBVA11","CEF - Industrial","Imóveis para renda acabados","Av. Com. Alex. Garcia, 1285 1389 - Uberlândia - MG","552.00","1","0.0000","0.0000","Ativo","2024-08-11 00:00:00","2025-10-28 00:00:00"
"RBVA11","Kroton - Belo Horizonte","Imóveis para renda acabados","Rua dos Timbiras, 1375, Boa Viagem ","5940.00","1","0.0000","0.0000","Ativo","2025-10-05 00:00:00","2025-10-28 00:00:00"
"BRCR11","Centro Empresarial Transatlântico","Imóveis para renda acabados","Rua Verbo Divino 1488, Chácara Santo Antônio (zona Sul), São Paulo/SP, 04719-904","4208.00","2","0.1250","0.0000","Inativo","2024-07-29 00:00:00","2025-09-28 00:00:00"
"RBVA11","Av. Chile","Imóveis para renda acabados","Av. República do Chile, nº 230 - Rio de Janeiro - RJ","1139.67","1","0.0000","0.0000","Ativo","2024-05-23 00:00:00","2025-10-28 00:00:00"
"BRCR11","Edifício Eldorado Business Tower","Imóveis para renda acabados","Av. Das Nações Unidas 8501,  São Paulo, SP, 05425-070","22246.00","23","0.1130","0.0000","Inativo","2024-05-23 00:00:00","2024-12-26 00:00:00"
"RBVA11","Santander - CPD - Volta Redonda - Centro","Imóveis para renda acabados","Rua 12, 239 - RJ","2920.00","1","0.0000","0.0000","Ativo","2024-09-01 00:00:00","2025-10-28 00:00:00"
"RBVA11","GPA - Parnamirim - Recife/PE","Imóveis para renda acabados","Rua Desembargador Góes Cavalcante, 261","4583.00","1","0.0000","0.0000","Ativo","2025-10-26 00:00:00","2025-10-28 00:00:00"
"BRCR11","Senado","Imóveis para renda acabados","Avenida Henrique Valadares 28, Rio de Janeiro, RJ, 20231-030","19035.00","2","0.0000","0.0000","Inativo","2024-05-23 00:00:00","2025-07-10 00:00:00"
"BRCR11","Condomínio Parque da Cidade  - Torre Sucupira","Imóveis para renda acabados","Avenida Das Nacoes Unidas, 14401,  Vila Gertrudes, Sao Paulo/SP, Brasil, 04794-000","7534.00","5","0.2000","0.0000","Inativo","2025-03-09 00:00:00","2025-03-15 00:00:00"
"BRCR11","Condominio Parque da Cidade - Torre Sucupira","Imóveis para renda acabados","Avenida Das Nacoes Unidas, 14401, Vila Gertrudes, Sao Paulo/SP, Brasil, 04794-000","7534.00","5","0.1100","0.0000","Inativo","2025-07-20 00:00:00","2025-07-24 00:00:00"
"RBVA11","CEF - Pirituba","Imóveis para renda acabados","Rua Guerino Giovani Leardini, nº 63/67 - São Paulo - SP","1368.00","1","0.0000","0.0000","Ativo","2024-12-27 00:00:00","2025-10-28 00:00:00"
"RBTS11","Oxy Alto da Lapa","Imóveis para venda em construção","PÇA. MONSENHOR JOSÉ MARIA MONTEIRO, 70, ALTO DA LAPA","3108.00","108","0","0","Ativo","2024-05-23 00:00:00","2025-10-28 00:00:00"
"BRCR11","Condomínio Morumbi Corporate - Diamond Tower","Imóveis para renda acabados","Avenida Doutor Chucri Zaidan, 1240, Vila Sao Francisco Zona Sul, Sao Paulo/SP, Brasil, 04711-130","36918.00","18","0.2500","0.0000","Inativo","2024-12-27 00:00:00","2025-08-16 00:00:00"
"BRCR11","Edifício Transatlântico","Imóveis para renda acabados","Rua Verbo Divino, 1488,  Chácara Santo Antônio (zona Sul), São Paulo/SP, Brasil, 04719-002","4208.00","2","0.1250","0.0000","Inativo","2024-05-23 00:00:00","2025-09-28 00:00:00"
"BRCO11","Bresco Henry Ford","Imóveis para renda acabados","Rua Henry Ford, 803 - Osasco - SP","29637.31","1","0.0000","0.0000","Inativo","2025-08-17 00:00:00","2025-10-26 00:00:00"
"RBRX11","Kalea Jardins","Imóveis para venda em construção","Rua Da Consolacao, 3290, Sem Complemento, Cerqueira César, São Paulo/SP, Brasil, 01416-000","1843.65","1","0","0","Ativo","2024-11-17 00:00:00","2025-10-28 00:00:00"
"RBRS11","Cyrela for you","Imóveis para venda acabados","Rua Apeninos, 973, Paraíso, São Paulo - SP","3807.00","106","0","0","Ativo","2025-02-16 00:00:00","2025-10-28 00:00:00"
"RBRS11","Urbic Tomas Alves","Imóveis para renda acabados","Rua Dr. Tomás Alves, 172 e 184, Vila Mariana, São Paulo - SP","1237.09","55","0.2882","0.0000","Ativo","2024-05-23 00:00:00","2025-10-28 00:00:00"
"RBRS11","Urbic Sabia","Imóveis para renda acabados","Av. Sabiá, 641, Indianápolis, São Paulo - SP","2427.38","81","0.2950","0.0000","Ativo","2024-05-23 00:00:00","2025-10-28 00:00:00"
"RBRP11","Condomínio Comary","Imóveis para renda acabados","Rua Amauri, 299, 311 (lojas) e 305 (entrada), Jardim Paulistano.","2545.14","60","0.0000","0.0000","Ativo","2024-05-23 00:00:00","2025-10-28 00:00:00"
"BRCR11","Morumbi Corporate Towers","Imóveis para renda acabados","Avenida Doutor Chucri Zaidan 1240, São Paulo, SP, 04711-130","32889.24","11","0.0830","0.0000","Inativo","2024-06-09 00:00:00","2025-03-10 00:00:00"
"RBRP11","Somos Sistema de Ensino S.A.","Imóveis para renda acabados","Avenida João Dias n° 1.645 - Santo Amaro, São Paulo - SP","14675.00","1","0.0000","0.0000","Ativo","2024-05-23 00:00:00","2025-10-28 00:00:00"
"RBRP11","Edíficio Celebration","Imóveis para renda acabados","Rua Casa do Ator, 1.155 - Vila Olímpia - São Paulo - SP","6458.29","1","0.0000","0.0000","Ativo","2024-05-23 00:00:00","2025-10-28 00:00:00"
"RBRP11","30º Andar do Edifício Castello Branco","Imóveis para renda acabados","Av. República do Chile, 230 - Centro, Rio de Janeiro - RJ","568.57","1","1.0000","0.0000","Ativo","2024-05-23 00:00:00","2025-10-28 00:00:00"
"RBRP11","Edificio Mykonos","Imóveis para renda acabados","Rua Gomes de Carvalho, 1.356, São Paulo - SP","854.59","3","0.3300","0.0000","Ativo","2024-05-23 00:00:00","2025-10-28 00:00:00"
"RBRP11","Edíficio Pravda","Imóveis para renda acabados","Alameda Grajaú, nº 98 - Alphaville Industrial, Barueri/SP","502.40","1","0.0000","0.0000","Ativo","2024-05-23 00:00:00","2025-10-28 00:00:00"
"RBRP11","Edifício Cerp - Venezuela","Imóveis para renda acabados","Avenida Venezuela, 43 - Saúde - Rio de Janeiro - RJ","4488.00","14","0.0000","0.0000","Ativo","2024-11-17 00:00:00","2025-10-28 00:00:00"
"RBRP11","Edíficio Mario Garneiro Torre Sul","Imóveis para renda acabados","Av. Brigadeiro Faria Lima nº 1.461,  Pinheiros, São Paulo/SP","2359.37","15","0.0000","0.0000","Ativo","2024-05-23 00:00:00","2025-10-28 00:00:00"
"BRCR11","Centro Empresarial Barra Shopping - Edifício Montreal","Imóveis para renda acabados","Avenida Das Americas, 4200, Bloco 5, Barra Da Tijuca, Rio De Janeiro/RJ, 22640-907","6439.00","7","0.0000","0.0000","Inativo","2025-02-16 00:00:00","2025-08-01 00:00:00"
"RBRP11","Edíficio River One","Imóveis para renda acabados","Rua Gerivatiba, esquina com a Rua Pirajussara, nºs 71,87 e 95, com frente também para a Rua Desembargador Armando Fairbanks, nº 32,Pinheiros, São Paulo - SP.","23625.14","33","0.0911","0.0000","Ativo","2024-05-23 00:00:00","2025-10-28 00:00:00"
"BRCR11","Edifício Montreal","Imóveis para renda acabados","Avenida Das Americas, 4200, Bloco 5, Barra Da Tijuca, Rio De Janeiro/RJ, Brasil, 22640-102","6439.00","7","0.0000","0.0000","Inativo","2024-05-23 00:00:00","2025-10-26 00:00:00"
"BRIM11","TER_TUMIARU","Imóveis para venda em construção","Rua Tumiaru, nº 120 - Moema, São Paulo - SP, 04008-050","182.53","4","0.0000","0","Inativo","2024-08-18 00:00:00","2025-08-17 00:00:00"
"RBRP11","Edifício Delta Plaza","Imóveis para renda acabados","Rua Cincinato Braga, 340 - Bela Vista - São Paulo - SP","4058.70","17","0.0000","0.0000","Ativo","2024-05-23 00:00:00","2025-10-28 00:00:00"
"BRIP11","PROJETO PADRE CHICO","Imóveis para venda em construção","Rua Padre Chico, Pompeia, São Paulo/SP","1391.00","9","0","0","Inativo","2024-05-23 00:00:00","2025-09-06 00:00:00"
"BRIP11","PROJETO MIN FERREIRA ALVES","Imóveis para venda em construção","Rua Ministro Ferreira Alves,294 - Pompéia São Paulo - SP","1365.00","9","0","0","Inativo","2024-09-22 00:00:00","2025-09-28 00:00:00"
"BRIP11","PROJETO MAGNOLIAS","Imóveis para venda em construção","Av. das  Magnólias, 682- 874- Cidade Jardim SP","6428.92","1","0.0000","0","Inativo","2024-05-23 00:00:00","2025-08-16 00:00:00"
"BRIP11","GUARARA (BRIO III) - 50%","Imóveis para venda em construção","Rua Guarará, Jardim Paulista- SP","1340.00","12","0","0","Inativo","2024-12-27 00:00:00","2025-09-06 00:00:00"
"RBRP11","CONDOMINIO COMARY","Imóveis para renda acabados","RUA AMAURI, 299 - JD. PAULISTANO","4111.32","60","0.0000","0.0000","Ativo","2024-05-23 00:00:00","2025-10-28 00:00:00"
"RBRP11","MAT 170.557","Imóveis para renda acabados","Rua Casa do Ator e Rua Professor Nagib Elchmer","1512.80","9","0.0000","0.0000","Ativo","2024-05-23 00:00:00","2025-10-28 00:00:00"
"RBRP11","24° Andar do Edifício Castello Branco","Imóveis para renda acabados","Av. República do Chile, 230 - Centro, Rio de Janeiro - RJ","1065.15","1","0.0000","0.0000","Ativo","2024-05-23 00:00:00","2025-10-28 00:00:00"
"RBRL11","Galpão Extrema I","Imóveis para renda acabados","Estrada Municipal Vargem do João Pinto nº 450, Gleba 1 -  Extrema/MG","37600.25","1","0.0000","0.0000","Ativo","2024-05-23 00:00:00","2025-10-28 00:00:00"
"RBRL11","Galpão Hortolândia I","Imóveis para renda acabados","Condomínio Tech Town, unid nº7,  Rodovia SP 101, Hortolândia, Comarca de Sumaré/SP","15349.29","1","0.0000","0.0000","Ativo","2024-05-23 00:00:00","2025-10-28 00:00:00"
"RBRL11","Galpão Hortolândia III","Imóveis para renda acabados","Est Carlos Roberto Prataviera, nº 650, Hortolândia, Comarca de Sumaré/SP","42447.19","1","0.0000","0.0000","Ativo","2024-05-23 00:00:00","2025-10-28 00:00:00"
"RBRL11","Galpão Resende","Imóveis para renda acabados","Rua Projetada, nº 301 , Resende/RJ","23867.35","1","0.0000","0.0000","Ativo","2024-05-23 00:00:00","2025-10-28 00:00:00"
"BTAL11","I. Riedi - Ibema","Imóveis para renda acabados","Br 277, Km 533, Centro De Recebimento De Grão I.riedi, Colonia Murillo, Ibema/PR, Brasil, 85478-000","4897.48","1","0.0000","0.0000","Inativo","2025-03-09 00:00:00","2025-09-28 00:00:00"
"RBRL11","Galpão WT RBR LOG","Imóveis para renda acabados","Rod. Presidente Tancredo Neves, km45","61119.82","2","0.0000","0.0000","Ativo","2024-05-27 00:00:00","2025-10-28 00:00:00"
"RBRL11","Galpão Extrema","Imóveis para renda acabados","Estrada Municipal Vargem do João Pinto nº 450, Gleba 1 -  Extrema/MG","74573.00","1","0.0000","0.0000","Ativo","2024-05-23 00:00:00","2025-10-28 00:00:00"
"RBRL11","Galpão Hortolândia II","Imóveis para renda acabados","Est Carlos Roberto Prataviera, nº 650, Hortolândia, Comarca de Sumaré/SP","42447.19","1","1.0000","0.0000","Ativo","2024-05-23 00:00:00","2025-10-28 00:00:00"
"BTAL11","Perola - Maripa - PR","Imóveis para renda acabados","Rodovia Pr 182, Km 34 - Maripa/pr, Km 34, Sem Complemento, Perola Independente , Maripa/PR, Brasil, 85958-000","7126.93","1","0.0000","0.0000","Inativo","2025-04-21 00:00:00","2025-09-13 00:00:00"
"RBRL11","Galpão Extrema II","Imóveis para renda acabados","Estrada Municipal Luiz Lopes Neto, nº 21, Bairro dos Tenentes -  Extrema/MG","77106.32","13","0.0000","0.0000","Ativo","2024-05-23 00:00:00","2025-10-28 00:00:00"
"RBRL11","Galpão KSM","Imóveis para renda acabados","Estrada Municipal Luiz Lopes Neto, nº 21, Bairro dos Tenentes -  Extrema/MG","82156.33","1","0.0000","0.0000","Ativo","2024-05-23 00:00:00","2025-10-28 00:00:00"
"BTAL11","Imóvel Itumbiara - Comfrio","Imóveis para renda acabados","Avenida Presidente Tancredo De Almeida Neves, 1171, Karfan, Itumbiara/GO, Brasil, 75516-475","19977.10","1","0.0000","0.0000","Inativo","2024-12-27 00:00:00","2025-09-28 00:00:00"
"BTAL11","I. Riedi - Perola","Imóveis para renda acabados","Rodovia Pr 182, Km 34 - Maripa/pr, Km 34, Sem Complemento, Perola Independente , Maripa/PR, Brasil, 85958-000","7126.93","1","0.0000","0.0000","Inativo","2024-07-29 00:00:00","2025-07-10 00:00:00"
"RBRL11","GALPÃO WTLOG RBR","Imóveis para renda em construção","Rod. Presidente Tancredo Neves, km45","95847.72","1","0","0","Ativo","2024-05-23 00:00:00","2025-10-28 00:00:00"
"RBRK11","JHA Corporate Boutique","Imóveis para renda acabados","Rua Iaia, nº 52, Sem Complemento, Itaim Bibi, São Paulo/SP, Brasil, 04542-060","4322.18","11","1.0000","0.0000","Ativo","2025-07-02 00:00:00","2025-10-28 00:00:00"
"BTAL11","I. Riedi - Salete","Imóveis para renda acabados","Rodovia Pr 364, Km 579, Sem Complemento, , Palotina/PR, Brasil, 85950-000","6996.44","1","0.0000","0.0000","Inativo","2024-05-23 00:00:00","2025-09-20 00:00:00"
"BRCR11","Burity","Imóveis para renda acabados","Avenida Indianopolis, 3096, Indianópolis, São Paulo/SP, Brasil, 04062-904","10550.00","17","0.1190","0.0000","Inativo","2025-01-06 00:00:00","2025-10-26 00:00:00"
"BTAL11","Toledo","Imóveis para renda acabados","Rodovia BR 467 KM 256, , Toledo, PR, 85907-060","12861.92","1","0.0000","0.0000","Inativo","2024-07-07 00:00:00","2024-12-26 00:00:00"
"BTAL11","Terminal Intermodal de Transbordo - Coruripe","Imóveis para renda acabados","Rua Frutal 689, Centro, Iturama/MG, Brasil, 38280-971","153876.39","1","0.0000","0.0000","Inativo","2024-12-27 00:00:00","2025-09-20 00:00:00"
"BTAL11","Ibema","Imóveis para renda acabados","Rodovia BR 277 KM 533, , Ibema, PR, 85478-000","4897.48","1","0.0000","0.0000","Inativo","2025-07-27 00:00:00","2025-10-05 00:00:00"
"RBRD11","Leader Natal","Imóveis para renda acabados","RUA JOÃO PESSOA, 86 - NATAL - RN","3682.78","1","1.0000","0.0000","Ativo","2024-05-23 00:00:00","2025-10-28 00:00:00"
"RBRD11","NATAL","Imóveis para renda acabados","RUA JOÃO PESSOA, 86 - NATAL - RN","3682.78","1","1.0000","0.0000","Ativo","2025-08-18 00:00:00","2025-10-28 00:00:00"
"RBRD11","AMPLA","Imóveis para renda acabados","RUA DR. NILO PEÇANHA Nº 564, BAIRRO SÃO MIGUEL - SÃO GONÇALO - RJ","12510.75","1","0.0000","0.0000","Ativo","2024-12-01 00:00:00","2025-10-28 00:00:00"
"RBRD11","Ambev","Imóveis para renda acabados","RODOVIA AYRTON SENNA - UBERLÂNDIA - MG","6884.00","1","0.0000","0.0000","Ativo","2024-05-23 00:00:00","2025-10-28 00:00:00"
"BTAL11","Coruripe - Terminal Intermodal","Imóveis para renda acabados","Rua Frutal 689, , Iturama, MG, 38280-971","153876.39","1","0.0000","0.0000","Inativo","2024-07-29 00:00:00","2025-07-05 00:00:00"
"RBRD11","Leader Catete","Imóveis para renda acabados","RUA DO CATETE N° 194 E 196, ESQUINA COM RUA CORREA DUTRA - RIO DE JANEIRO - RJ","3844.99","1","1.0000","0.0000","Ativo","2024-05-23 00:00:00","2025-10-28 00:00:00"
"BTAL11","FS - Armazem Graneleiro","Imóveis para renda acabados","Rodovia Br 242, Km 75, S/n, Sem Complemento, Zona Rural, Nova Ubirata/MT, Brasil, 78888-000","25000.00","1","0.0000","0.0000","Inativo","2024-05-23 00:00:00","2025-07-05 00:00:00"
"BTAL11","Terminal Intermondal Portuário do Espírito Santo","Imóveis para renda acabados","Rua Rio Verde, 101, Paul, Vila Velha/ES, Brasil, 29115-210","4436.44","1","0.0000","0.0000","Inativo","2024-05-23 00:00:00","2025-09-06 00:00:00"
"BTAL11","Terminal Intermodal de Transbordo - IturamaMG","Imóveis para renda acabados","Rua Frutal 689, 689, Sem Complemento, Centro, Iturama/MG, Brasil, 38280-971","153876.39","1","0.0000","0.0000","Inativo","2025-01-05 00:00:00","2025-10-05 00:00:00"
"RBRD11","Ampla","Imóveis para renda acabados","RUA DR. NILO PEÇANHA Nº 564, BAIRRO SÃO MIGUEL - SÃO GONÇALO - RJ","12510.75","1","0.0000","0.0000","Ativo","2024-05-23 00:00:00","2025-10-28 00:00:00"
"RBRD11","AMBEV","Imóveis para renda acabados","RODOVIA AYRTON SENNA - UBERLÂNDIA - MG","6884.00","1","0.0000","0.0000","Ativo","2024-12-27 00:00:00","2025-10-28 00:00:00"
"BROF11","CVRD Águas Claras","Imóveis para renda acabados","Avenida de Ligacao, 1809, Nova Lima/MG, Brasil, 34006-200","8932.00","1","0.0000","0.0000","Inativo","2025-03-02 00:00:00","2025-10-26 00:00:00"
"RBRD11","CATETE","Imóveis para renda acabados","RUA DO CATETE N° 194 E 196 - RIO DE JANEIRO - RJ","3358.08","1","0.0000","0.0000","Ativo","2025-08-18 00:00:00","2025-10-28 00:00:00"
"RBOP11","Ed. Banco Mercantil","Imóveis para renda acabados","Avenida Rio Branco, 89, Centro, Rio de Janeiro/RJ","748.00","1","1.0000","0.0000","Ativo","2024-05-23 00:00:00","2025-10-28 00:00:00"
"RBOP11","Loja - Edifício Manhattan Tower","Imóveis para renda acabados","Avenida Rio Branco, 89, Centro, Rio de Janeiro/RJ","748.00","1","0.0000","0.0000","Ativo","2024-05-23 00:00:00","2025-10-28 00:00:00"
"BTAL11","Imóvel Cascavél - IRIEDI","Imóveis para renda acabados","Estrada Da Pedreira, 151, 14 De Novembro, Cascavel/PR, Brasil, 85804-180","9380.09","1","0.0000","0.0000","Inativo","2024-05-23 00:00:00","2025-10-26 00:00:00"
"RBOP11","Edifício Sede","Imóveis para renda acabados","Rua Rio de Janeiro, 654, Belo Horizonte/MG","16468.00","1","0.0000","0.0000","Ativo","2024-05-23 00:00:00","2025-10-28 00:00:00"
"RBOP11","Centro de Tecnologia","Imóveis para renda acabados","Rua Teixeira Soares, 595, Belo Horizonte - MG","4553.00","1","1.0000","0.0000","Ativo","2024-05-23 00:00:00","2025-10-28 00:00:00"
"RBOP11","Edifício Vicente de Araújo","Imóveis para renda acabados","Rua Rio de Janeiro, 654, Belo Horizonte/MG","16468.00","1","0.8200","0.0000","Ativo","2024-05-23 00:00:00","2025-10-28 00:00:00"
"BTHI11","Ibis São Paulo Barra Funda","Imóveis para renda acabados","R Eduardo Viana. 163 - Barra Funda, São Paulo - SP","56200.00","286","0.0000","0.0000","Inativo","2025-01-06 00:00:00","2025-07-24 00:00:00"
"RBLG11","Sotreq Parauapebas","Imóveis para renda acabados","Km 11, 3010, Zona De Expansão Urbana, Rodovia Pa-275, Parauapebas/PA, Brasil, 68515-000","48411.00","1","1.0000","0.0000","Ativo","2024-05-23 00:00:00","2025-10-28 00:00:00"
"RBLG11","Sotreq - Parauapebas","Imóveis para renda acabados","Km 11, 3010, Zona De Expansão Urbana, Parauapebas-pa, Rodovia Pa-275, Parauapebas/PA, Brasil, 68515-000","48411.00","1","0.0000","0.0000","Ativo","2024-05-23 00:00:00","2025-10-28 00:00:00"
"BTAL11","TERMINAL PORTUARIO DO ESPIRITO SANTO SA","Imóveis para renda acabados","Rua Rio Verde, 101, Sem Complemento, Paul, Vila Velha/ES, Brasil, 29115-210","4436.44","1","0.0000","0.0000","Inativo","2025-03-02 00:00:00","2025-10-26 00:00:00"
"BTAL11","Salete","Imóveis para renda acabados","Rodovia PR 364 KM 579, , Palotina, PR, 85950-000","6966.44","1","0.0000","0.0000","Inativo","2024-05-23 00:00:00","2025-10-26 00:00:00"
"RBIR11","Vista Park","Imóveis para venda em construção","R. Dra. Neyde Apparecida Sollitto, 252/306 - Vila Clementino","73.48","1","0","0","Ativo","2025-02-16 00:00:00","2025-10-28 00:00:00"
"RBDS11","Empreendimento Ameixeiras","Imóveis para venda acabados","Rua das Ameixeiras, quadra 20 - Vila Santa Catarina - São Paulo","187.71","3","0","0","Ativo","2024-05-23 00:00:00","2025-10-28 00:00:00"
"BTAL11","Salete Palotina - PR","Imóveis para renda acabados","Rodovia Pr 364, Km 579, Sem Complemento, , Palotina/PR, Brasil, 85950-000","6996.44","1","0.0000","0.0000","Inativo","2024-12-27 00:00:00","2025-10-26 00:00:00"
"BTHI11","Hsul POA","Imóveis para renda acabados","Av. Assis Brasil, 9300 - Sarandi - Porto Alegre - RS","399.00","21","0.0000","0.0000","Inativo","2025-01-06 00:00:00","2025-09-28 00:00:00"
"RBDS11","Empreendimento Elizabeta Lips","Imóveis para venda acabados","Rua Elizabeta Lips, 304 - Taboão da Serra - Jardim Bom Tempo","748.26","10","0","0","Ativo","2024-05-23 00:00:00","2025-10-28 00:00:00"
"BTAL11","Comfrio - Armazem Refrigerado","Imóveis para renda acabados","Avenida Presidente Tancredo De Almeida Neves, 1171, Sem Complemento, Karfan, Itumbiara/GO, Brasil, 75516-475","19977.10","1","0.0000","0.0000","Inativo","2024-12-27 00:00:00","2025-10-26 00:00:00"
"BTAL11","I. Riedi Salete","Imóveis para renda acabados","Rodovia PR 364 KM 579, , Palotina, PR, 85950-000","6966.44","1","0.0000","0.0000","Inativo","2025-07-13 00:00:00","2025-10-26 00:00:00"
"RBDS11","Empreendimento Ulisses","Imóveis para venda acabados","Rua Ulysses Cruz, 1319/1321 - São Paulo - SP","4911.77","74","0","0","Ativo","2024-05-23 00:00:00","2025-10-28 00:00:00"
"BTHI11","Ibis Budget Curitiba Aero","Imóveis para renda acabados","Rua Barao Do Cerro Azul, 21, Sem Complemento, Centro, São José Dos Pinhais/PR, Brasil, 83005-430","155.54","11","0.0000","0.0000","Inativo","2025-07-20 00:00:00","2025-10-05 00:00:00"
"BTHI11","Ibis Chapeco","Imóveis para renda acabados","Avenida Sao Pedro - E, 2300, Engenho Braun, Chapecó/SC, Brasil, 89809-440","529.48","28","0.0000","0.0000","Inativo","2025-03-09 00:00:00","2025-04-26 00:00:00"
"RBDS11","Empreendimento Sapopemba","Imóveis para venda acabados","Avenida Vila Ema nº 5.446, 5.470, 5.478 e 5.490 - Vila Prudente","58.02","1","0","0","Ativo","2024-05-23 00:00:00","2025-10-28 00:00:00"
"BTHI11","Novotel Porto Alegre Airport","Imóveis para renda acabados","Avenida Severo Dullius. 2055 - Anchieta - Porto Alegre - RS","35694.00","14","0.0000","0.0000","Inativo","2024-08-04 00:00:00","2025-07-10 00:00:00"
"PVBI11","Edificio Park Tower","Imóveis para renda acabados","Avenida Brigadeiro Luis Antonio, 3521, Jardim Paulista, Sao Paulo/SP, Brasil, 01401-001","22340.00","26","0.0000","0.0000","Ativo","2024-05-23 00:00:00","2025-10-28 00:00:00"
"PVBI11","Edifício Park Tower","Imóveis para renda acabados","Av. Brig. Luiz Artônio 3521, São Paulo, SP, 04001-140","22340.11","1","0.0000","0.0000","Ativo","2024-05-23 00:00:00","2025-10-28 00:00:00"
"PVBI11","Vila Olimpia Corporate","Imóveis para renda acabados","Rua Fidencio Ramos, 302, Vila Olimpia, Sao Paulo/SP, Brasil, 04551-010","12630.25","28","0.2720","0.0000","Ativo","2024-07-07 00:00:00","2025-10-28 00:00:00"
"PVBI11","Empreendimento The One","Imóveis para renda acabados","Rua Ministro Jesuino Cardoso, 454,  Vila Nova Conceicao, Sao Paulo/SP, Brasil, 04544-051","7841.84","4","0.2040","0.0000","Ativo","2024-05-23 00:00:00","2025-10-28 00:00:00"
"BTHI11","Ibis Styles Porto Alegre Centro","Imóveis para renda acabados","Rua Garibaldi. 633 - Floresta - Porto Alegre - RS","59055.00","31","0.0000","0.0000","Inativo","2024-08-18 00:00:00","2025-04-26 00:00:00"
"PVBI11","Union Faria Lima","Imóveis para renda acabados","Rua Leopoldo Couto Magalhaes Junior, 822, Sem Complemento, Itaim Bibi, Sao Paulo/SP, Brasil, 04542-000","5041.76","3","0.8150","0.0000","Ativo","2025-02-02 00:00:00","2025-10-28 00:00:00"
"PVBI11","Complexo JK - Torre B","Imóveis para renda acabados","Avenida Presidente Juscelino Kubitschek, 2041, Sem Complemento, Vila Nova Conceicao, Sao Paulo/SP, Brasil, 04543-011","59532.19","9","0.0009","0.0100","Ativo","2024-05-23 00:00:00","2025-10-28 00:00:00"
"BTLG11","BTLG Regis","Imóveis para renda acabados","Estrada Ferreira Guedes, 784, Sem Complemento, Potuvera, Itapecerica Da Serra/SP, Brasil, 06885-150","30592.23","16","0.0000","0.0000","Inativo","2025-03-09 00:00:00","2025-09-20 00:00:00"
"BTHI11","Novotel Curitiba Batel","Imóveis para renda acabados","Rua Dr. Pedrosa, 288 - Centro - Curitiba - PR","1.86","72","0.0000","0.0000","Inativo","2024-11-17 00:00:00","2025-10-26 00:00:00"
"PVBI11","Edificio Faria Lima 4441","Imóveis para renda acabados","Av. Brig. Faria Lima 4400, São Paulo, SP, 04551-060","22111.73","15","0.0000","0.0000","Ativo","2024-05-23 00:00:00","2025-10-28 00:00:00"
"PRSV11","Edifício Torre Boa Vista","Imóveis para renda acabados","Avenida Presidente Vargas, 850, Centro, Rio de Janeiro - RJ","10082.05","23","1.0000","0.0000","Ativo","2024-05-23 00:00:00","2025-10-28 00:00:00"
"PRSV11","Edifício Torre Vargas","Imóveis para renda acabados","Avenida Presidente Vargas, 914, Centro, Rio de Janeiro - RJ","6893.81","17","0.0000","0.0000","Ativo","2024-05-23 00:00:00","2025-10-28 00:00:00"
"PRSN11","Villaggio Lake & Gardens","Imóveis para venda acabados","Estrada de Barra da Tijuca 345, Barra da Tijuca , Rio de Janeiro","180.20","1","0","0","Ativo","2024-06-10 00:00:00","2025-10-28 00:00:00"
"BTLG11","BTLG - Faria Lima","Imóveis para renda acabados","Avenida Brigadeiro Faria Lima, 186, Pinheiros, Sao Paulo/SP, Brasil, 05426-200","1499.00","1","0.0000","0.0000","Inativo","2025-03-09 00:00:00","2025-03-15 00:00:00"
"BTLG11","BLTG - Ribeirão Preto | SP","Imóveis para renda acabados","Rodovia Anhanguera, S/n, Km 308, Parque Residencial Candido Portinari, Ribeirao Preto/SP, Brasil, 14093-500","57164.04","15","0.0000","0.0000","Inativo","2024-05-23 00:00:00","2025-07-05 00:00:00"
"BTLG11","GR Regis","Imóveis para renda acabados","Estrada Ferreira Guedes, 784, Sem Complemento, Potuvera, Itapecerica Da Serra/SP, Brasil, 06885-150","30592.23","16","0.0000","0.0000","Inativo","2025-08-04 00:00:00","2025-08-23 00:00:00"
"BTLG11","BTLG - Navegantes | SC","Imóveis para renda acabados","Rodovia Br470, 04, Machados, Navegantes/SC, Brasil, 88373-330","9794.00","1","0.0000","0.0000","Inativo","2024-12-27 00:00:00","2025-09-28 00:00:00"
"BTLG11","BTLG - Hortolandia","Imóveis para renda acabados","Rua Perola, 350, N/a, Jardim Santa Esmeralda, Hortolandia/SP, Brasil, 13186-546","36024.37","2","0.0000","0.0000","Inativo","2024-12-27 00:00:00","2025-05-10 00:00:00"
"BTLG11","BTLG - Navegantes","Imóveis para renda acabados","Rodovia Br470, 04, Machados, Navegantes/SC, Brasil, 88373-330","9794.00","1","0.0000","0.0000","Inativo","2025-02-16 00:00:00","2025-03-29 00:00:00"
"BTLG11","BTLG - Dutra | SP","Imóveis para renda acabados","Rua Sargento Rodoval Cabral Trindade 780, 780, 36º Subdistrito - Vila Maria, Parque Novo Mundo, Sao Paulo/SP, Brasil, 02190-900","19349.00","1","0.0000","1.0000","Inativo","2024-12-27 00:00:00","2025-10-12 00:00:00"
"PRSN11","Costa Amalfitana","Imóveis para venda acabados","Rua Pascal 1800 , Campo Belo, São Paulo","269.65","1","0","0","Ativo","2024-06-10 00:00:00","2025-10-28 00:00:00"
"BTHI11","Ibis Canoas Shopping","Imóveis para renda acabados","R. Mathias Velho, 235 - Centro, Canoas - RS","20.72","11","0.0000","0.0000","Inativo","2025-03-09 00:00:00","2025-10-26 00:00:00"
"BTLG11","Ribeirao Preto - Claritas","Imóveis para renda acabados","Rodovia Anhanguera, S/n, Km 308, Parque Residencial Candido Portinari, Ribeirao Preto/SP, Brasil, 14093-500","57143.00","15","0.0000","0.3044","Inativo","2024-12-27 00:00:00","2025-09-20 00:00:00"
"BTLG11","BTLG - Santana de Parnaíba | SP","Imóveis para renda acabados","Avenida Charles Goodyear, S/n, Cururuquara, Santana De Parnaiba/SP, Brasil, 06524-115","18940.00","1","1.0000","0.0000","Inativo","2024-12-27 00:00:00","2025-04-26 00:00:00"
"PRSN11","Focus Business Center","Imóveis para venda acabados","Avenida Geremario Dantas 1401, Jacarepagua , Rio de Janeiro","19.71","39","0","0","Ativo","2024-06-10 00:00:00","2025-10-28 00:00:00"
"BTLG11","Galpão Industrial Magna","Imóveis para renda acabados","Rodovia Miguel Melhado Campos 79, , Vinhedo, SP, 13288-003","10440.00","1","0.0000","0.0000","Inativo","2024-05-23 00:00:00","2024-12-26 00:00:00"
"PQDP11","SHOPPING PARQUE DOM PEDRO II - 15,00%","Imóveis para renda acabados","Avenida Guilherme Campos 500, Jardim Santa Genebra, Campinas/SP, Brasil, 13087-901","127000.00","473","0.0185","0.0130","Ativo","2024-05-23 00:00:00","2025-10-28 00:00:00"
"PQDP11","Parque Dom Pedro Shopping","Imóveis para renda acabados","Av. Guilherme Campos 500, Campinas, SP, 13087-901","127300.00","387","0.0751","0.3500","Ativo","2024-05-23 00:00:00","2025-10-28 00:00:00"
"BTLG11","Galpao Aracatuba","Imóveis para renda acabados","Rodovia Marechal Rondon, Km 536, 21500, Sem Complemento, Avenida, Aracatuba/SP, Brasil, 16027-231","26783.00","1","0.0000","0.0000","Inativo","2024-12-27 00:00:00","2025-07-19 00:00:00"
"BTLG11","BTLG - Campinas | SP","Imóveis para renda acabados","Rua Ronald Cladstone Negri, 557, Polo De Alta Tecnologia De Campinas  Polo I, Campinas/SP, Brasil, 13069-472","1999.00","1","0.0000","0.0000","Inativo","2025-01-06 00:00:00","2025-08-23 00:00:00"
"PQDP11","Shopping Parque Dom Pedro - 12,01%","Imóveis para renda acabados","Avenida Guilherme Campos 500, Jardim Santa Genebra, Campinas/SP, Brasil, 13087-901","127000.00","388","0.0216","0.0162","Ativo","2024-11-17 00:00:00","2025-10-28 00:00:00"
"PQDP11","SHOPPING PARQUE DOM PEDRO","Imóveis para renda acabados","Avenida Guilherme Campos 500, Jardim Santa Genebra, Campinas/SP, Brasil, 13087-901","127300.00","387","0.0109","0.0445","Ativo","2024-05-23 00:00:00","2025-10-28 00:00:00"
"BTLG11","BTLG - Feira de Santana | BA","Imóveis para renda acabados","Estrada De Sao Goncalo, S/ Nº, Altura Aproximada Do Km 530, Humildes , Feira De Santana/BA, Brasil, 44135-000","11295.00","1","0.0000","0.0000","Inativo","2025-06-15 00:00:00","2025-08-01 00:00:00"
"BTLG11","BTLG - Fortaleza","Imóveis para renda acabados","Br 116, 2271, Verife, Itaitinga/CE, Brasil, 61880-000","23274.00","1","0.0000","0.0000","Inativo","2024-07-29 00:00:00","2025-02-01 00:00:00"
"PQDP11","Shopping Parque D. Pedro","Imóveis para renda acabados","Av. Guilherme Campos 500, Campinas, SP, 13087-901","127321.00","394","0.0251","0.1223","Ativo","2024-05-23 00:00:00","2025-10-28 00:00:00"
"BTHI11","Ibis Foz do Iguaçu","Imóveis para renda acabados","Av. Republica Argentina, 1834 - Vila Maracanã - Foz do Iguaçu - PR","198.80","14","0.5546","0.0000","Inativo","2024-12-27 00:00:00","2025-10-26 00:00:00"
"BTLG11","BTLG Guarulhos","Imóveis para renda acabados","Rua Dona Catharina Maria De Jesus, 400, Sem Complemento, Bonsucesso, Guarulhos/SP, Brasil, 07175-500","20247.60","10","0.0000","0.0000","Inativo","2024-05-23 00:00:00","2025-04-26 00:00:00"
"BTLG11","BTLG - Cajamar I","Imóveis para renda acabados","Avenida Doutor Antonio Joao Abdalla, 3945,  Empresarial Colina, Cajamar/SP, Brasil, 07750-020","57153.00","1","0.0000","0.0000","Inativo","2024-05-23 00:00:00","2025-06-28 00:00:00"
"PQDP11","SHOPPING PARQUE DOM PEDRO II","Imóveis para renda acabados","Avenida Guilherme Campos 500, 500, Sem Complemento, Jardim Santa Genebra, Campinas/SP, Brasil, 13087-901","127000.00","1","0.0312","0.0295","Ativo","2024-05-23 00:00:00","2025-10-28 00:00:00"
"PQAG11","Imóvel Retrofit","Imóveis para renda acabados","Av. Alexandre Colares, 1188, Parque Anhanguera, São Paulo-SP","5091.37","1","0.0000","0.0000","Ativo","2024-05-23 00:00:00","2025-10-28 00:00:00"
"PQAG11","Centro de Distribuição Natura São Paulo","Imóveis para renda acabados","Av. Alexandre Colares, 1188, Parque Anhanguera, São Paulo-SP","29593.00","1","0.0000","0.0000","Ativo","2024-05-23 00:00:00","2025-10-28 00:00:00"
"PQAG11","NASP Natura São Paulo","Imóveis para renda acabados","Av. Alexandre Colares, 1188, Parque Anhanguera, São Paulo-SP","63605.67","1","0.0000","0.0000","Ativo","2024-05-23 00:00:00","2025-10-28 00:00:00"
"PQAG11","Edifício Administrativo Natura São Paulo","Imóveis para renda acabados","Av. Alexandre Colares, 1188, Parque Anhanguera, São Paulo-SP","28992.00","1","0.0000","0.0000","Ativo","2024-05-23 00:00:00","2025-10-28 00:00:00"
"PQAG11","Centro de Distribuição e Sede Natura São Paulo","Imóveis para renda acabados","Av. Alexandre Colares, 1188, Parque Anhanguera, São Paulo/SP","64936.24","1","0.0000","0.0000","Ativo","2024-05-23 00:00:00","2025-10-28 00:00:00"
"BTLG11","BTLG - Feira de Santana","Imóveis para renda acabados","Estrada De Sao Goncalo, S/ Nº, Altura Aproximada Do Km 530, Humildes , Feira De Santana/BA, Brasil, 44135-000","11295.00","1","0.0000","0.0000","Inativo","2025-02-16 00:00:00","2025-03-29 00:00:00"
"BTLG11","BTLG - Jundiai | SP","Imóveis para renda acabados","Avenida Francisco Roveri, S/n, Parque Almerinda Pereira Chaves, Jundiai/SP, Brasil, 13212-541","88894.76","17","0.0000","0.0000","Inativo","2025-03-02 00:00:00","2025-08-30 00:00:00"
"BTLG11","BTLG - Camçari | BA","Imóveis para renda acabados","Rodovia Ba535 Via Parafuso, Km 14, Cep 42849-000, S/n, Polo Logístico, Camacari/BA, Brasil","4415.29","1","0.0000","0.0000","Inativo","2025-02-16 00:00:00","2025-10-12 00:00:00"
"BTLG11","Galpão Continental","Imóveis para renda acabados","Avenida Charles Goodyear s/n, , Santana de Parnaiba, SP, 6524-115","18940.00","1","0.0000","0.0000","Inativo","2024-05-23 00:00:00","2025-03-15 00:00:00"
"BTLG11","BTLG - Louveira V VI e VII","Imóveis para renda acabados","Estrada Cruz Grande, 1700, Santo Antônio, Louveira/SP, Brasil, 13294-004","87003.47","3","0.0000","0.0000","Inativo","2025-02-16 00:00:00","2025-03-29 00:00:00"
"BTLG11","Galpao Industrial - Cerrati Vinhedo","Imóveis para renda acabados","Rodovia Engenheiro Miguel De Campos Melhado, 324, Sem Complemento, Cidade Singer, Campinas/SP, Brasil, 13053-090","7401.00","1","0.0000","0.0000","Inativo","2025-02-16 00:00:00","2025-08-23 00:00:00"
"BTHI11","Ibis Styles POA Centro","Imóveis para renda acabados","Rua Garibaldi, 633, Floresta, Porto Alegre/RS, Brasil, 90035-050","590.55","31","0.0000","0.0000","Inativo","2025-03-30 00:00:00","2025-10-26 00:00:00"
"BTLG11","BTLG  - Ribeirao Preto","Imóveis para renda acabados","Rodovia Anhanguera, S/n, Km 308, Parque Residencial Candido Portinari, Ribeirao Preto/SP, Brasil, 14093-500","57210.00","2","0.0000","0.0000","Inativo","2025-02-02 00:00:00","2025-04-26 00:00:00"
"BTLG11","BTLG - Hortolândia | SP","Imóveis para renda acabados","Rua Perola, 350, N/a, Jardim Santa Esmeralda, Hortolandia/SP, Brasil, 13186-546","36024.37","22","0.0000","0.0000","Inativo","2025-07-27 00:00:00","2025-08-30 00:00:00"
"BTLG11","BTLG - Cajamar III","Imóveis para renda acabados","Avenida Doutor Antonio Joao Abdalla, 2010, Empresarial Colina, Cajamar/SP, Brasil, 07750-020","57153.00","1","0.0000","0.0000","Inativo","2025-02-02 00:00:00","2025-04-26 00:00:00"
"BTLG11","BTLG - Guarulhos","Imóveis para renda acabados","Rua Dona Catharina Maria De Jesus, 400, Bonsucesso, Guarulhos/SP, Brasil, 07175-500","20247.60","2","0.0000","0.0000","Inativo","2024-11-02 00:00:00","2024-12-26 00:00:00"
"BTLG11","Galpao Castelo Branco","Imóveis para renda acabados","Avenida Charles Goodyear. S/n, Sem Complemento, Cururuquara, Santana De Parnaiba/SP, Brasil, 06524-115","18940.00","1","1.0000","0.0000","Inativo","2024-07-29 00:00:00","2025-09-28 00:00:00"
"BTLG11","BTLG - Fortaleza | CE","Imóveis para renda acabados","Br 116, 2271, Verife, Itaitinga/CE, Brasil, 61880-000","23274.00","1","0.0000","0.0000","Inativo","2025-01-19 00:00:00","2025-04-26 00:00:00"
"PNRC11","HELBOR VILA OLIMPIA HOME & STY","Imóveis para renda em construção","Rua Funchal, 65, Vila Olimpia","360.85","5","0","0","Ativo","2024-05-23 00:00:00","2025-10-28 00:00:00"
"PNRC11","PATTEO KLABIN","Imóveis para renda em construção","Rua Vergueiro, 5002, Vila Mariana","574.65","5","0","0","Ativo","2024-08-04 00:00:00","2025-10-28 00:00:00"
"BTLG11","BTLG - Faria Lima| SP","Imóveis para renda acabados","Avenida Brigadeiro Faria Lima, 186, Pinheiros, Sao Paulo/SP, Brasil, 05426-200","1499.00","1","0.0000","0.0000","Inativo","2024-12-27 00:00:00","2025-10-26 00:00:00"
"PNRC11","MOB STATION SANTA CRUZ","Imóveis para renda em construção","Avenida onze de junho, nº 56 a 64, Saude - SP","813128.00","16","0","0","Ativo","2024-05-23 00:00:00","2025-10-28 00:00:00"
"PNRC11","YOUR OSCAR FREIRE","Imóveis para renda em construção","Rua Oscar Freire nºs 1.593, 1.597, 1.607, 1.613 e 1.617","505.60","2","0","0","Ativo","2024-05-27 00:00:00","2025-10-28 00:00:00"
"PNPR11","Galpão Jandira","Imóveis para renda acabados","Via de Acesso João de Góes 2300, Jardim Alvorada","18062.19","1","0.0000","0.0000","Ativo","2024-05-23 00:00:00","2025-10-28 00:00:00"
"BTLG11","BTLG Hortolandia","Imóveis para renda acabados","Rua Perola, 350, N/a, Jardim Santa Esmeralda, Hortolandia/SP, Brasil, 13186-546","36024.37","22","0.3635","0.0000","Inativo","2025-01-12 00:00:00","2025-10-26 00:00:00"
"BTLG11","Galpão Araçatuba","Imóveis para renda acabados","Rodovia Marechal Rondon 21500, , Araçatuba, SP, 16027-231","26783.00","1","0.0000","0.0000","Inativo","2025-07-27 00:00:00","2025-10-05 00:00:00"
"PNPR11","Sítio Pedregulho - Matrícula 91.820","Imóveis para renda acabados","Rua Colina 501/502 - Agua Chata - Guarulhos - SP","15328.70","1","0.0000","0.0000","Ativo","2024-05-23 00:00:00","2025-10-28 00:00:00"
"PNPR11","Sitio Pedregulho - Matricula 91.820","Imóveis para renda acabados","Rua Colina 501 / 502 - Agua Chata - Guarulhos - SP","15328.70","1","0.0000","0.0000","Ativo","2024-05-23 00:00:00","2025-10-28 00:00:00"
"BTLG11","BTLG - Extrema | MG","Imóveis para renda acabados","Estrada Municipal Thereza Thomazella, 432, Sem Complemento, Bairro Dos Pires, Extrema/MG, Brasil, 00037-640","12200.00","1","1.0000","0.0000","Inativo","2024-05-23 00:00:00","2025-08-01 00:00:00"
"BTLG11","BTLG - Louveira II","Imóveis para renda acabados","Avenida Jose Luiz Mazzali, 480, Sem Complemento, Santo Antônio, Louveira/SP, Brasil, 13294-002","6503.19","1","0.0000","0.0000","Inativo","2025-08-18 00:00:00","2025-10-05 00:00:00"
"PNCR11","HELBOR VILA OLIMPIA HOME & STA","Imóveis para renda em construção","Rua Funchal nº 65 - Vila Olimpia SP","1276.50","35","0","0","Ativo","2024-05-23 00:00:00","2025-10-28 00:00:00"
"BTLG11","BTLG - Santa Luzia","Imóveis para renda acabados","Avenida Beirario, 5777, Distrito Industrial Deputado Simao Da Cunha, Santa Luzia/MG, Brasil, 33040-260","16120.00","1","0.0000","0.0000","Inativo","2025-02-02 00:00:00","2025-07-24 00:00:00"
"BTLG11","BTLG - Camacari","Imóveis para renda acabados","Rodovia Ba535 Via Parafuso, Km 14, Cep 42849-000, S/n, Polo Logístico, Camacari/BA, Brasil, 42800-331","4415.00","1","0.0000","0.0000","Inativo","2025-01-05 00:00:00","2025-07-24 00:00:00"
